1,Olivia,Jack,Olivia@gmail.com,password123,"1 Duke Way, Durham NC 27705 ",1,Y
2,Emily,Oliver,Emily@gmail.com,password124,"2 Duke Way, Durham NC 27705 ",2,N
3,Isla,James,Isla@gmail.com,password125,"3 Duke Way, Durham NC 27705 ",3,N
4,Sophie,Charlie,Sophie@gmail.com,password126,"4 Duke Way, Durham NC 27705 ",4,N
5,Ella,Harris,Ella@gmail.com,password127,"5 Duke Way, Durham NC 27705 ",5,Y
6,Ava,Lewis,Ava@gmail.com,password128,"6 Duke Way, Durham NC 27705 ",6,Y
7,Amelia,Leo,Amelia@gmail.com,password129,"7 Duke Way, Durham NC 27705 ",7,N
8,Grace,Noah,Grace@gmail.com,password130,"8 Duke Way, Durham NC 27705 ",8,N
9,Freya,Alfie,Freya@gmail.com,password131,"9 Duke Way, Durham NC 27705 ",9,N
10,Charlotte,Rory,Charlotte@gmail.com,password132,"10 Duke Way, Durham NC 27705 ",10,Y
11,Jessica,Alexander,Jessica@gmail.com,password133,"11 Duke Way, Durham NC 27705 ",11,Y
12,Lucy,Max,Lucy@gmail.com,password134,"12 Duke Way, Durham NC 27705 ",12,N
13,Ellie,Logan,Ellie@gmail.com,password135,"13 Duke Way, Durham NC 27705 ",13,N
14,Sophia,Lucas,Sophia@gmail.com,password136,"14 Duke Way, Durham NC 27705 ",14,N
15,Aria,Harry,Aria@gmail.com,password137,"15 Duke Way, Durham NC 27705 ",15,Y
16,Lily,Theo,Lily@gmail.com,password138,"16 Duke Way, Durham NC 27705 ",16,Y
17,Harper,Thomas,Harper@gmail.com,password139,"17 Duke Way, Durham NC 27705 ",17,N
18,Mia,Brodie,Mia@gmail.com,password140,"18 Duke Way, Durham NC 27705 ",18,N
19,Rosie,Archie,Rosie@gmail.com,password141,"19 Duke Way, Durham NC 27705 ",19,N
20,Millie,Jacob,Millie@gmail.com,password142,"20 Duke Way, Durham NC 27705 ",20,Y
21,Evie,Finlay,Evie@gmail.com,password143,"21 Duke Way, Durham NC 27705 ",21,Y
22,Eilidh,Finn,Eilidh@gmail.com,password144,"22 Duke Way, Durham NC 27705 ",22,N
23,Ruby,Daniel,Ruby@gmail.com,password145,"23 Duke Way, Durham NC 27705 ",23,N
24,Willow,Joshua,Willow@gmail.com,password146,"24 Duke Way, Durham NC 27705 ",24,N
25,Anna,Oscar,Anna@gmail.com,password147,"25 Duke Way, Durham NC 27705 ",25,Y
26,Maisie,Arthur,Maisie@gmail.com,password148,"26 Duke Way, Durham NC 27705 ",26,Y
27,Hannah,Hunter,Hannah@gmail.com,password149,"27 Duke Way, Durham NC 27705 ",27,N
28,Eva,Ethan,Eva@gmail.com,password150,"28 Duke Way, Durham NC 27705 ",28,Y
29,Chloe,Mason,Chloe@gmail.com,password151,"29 Duke Way, Durham NC 27705 ",29,N
30,Mila,Harrison,Mila@gmail.com,password152,"30 Duke Way, Durham NC 27705 ",30,N
31,Orla,Freddie,Orla@gmail.com,password153,"31 Duke Way, Durham NC 27705 ",31,N
32,Isabella,Ollie,Isabella@gmail.com,password154,"32 Duke Way, Durham NC 27705 ",32,Y
33,Ivy,Adam,Ivy@gmail.com,password155,"33 Duke Way, Durham NC 27705 ",33,Y
34,Emma,William,Emma@gmail.com,password156,"34 Duke Way, Durham NC 27705 ",34,N
35,Georgia,Jaxon,Georgia@gmail.com,password157,"35 Duke Way, Durham NC 27705 ",35,N
36,Poppy,Aaron,Poppy@gmail.com,password158,"36 Duke Way, Durham NC 27705 ",36,N
37,Robyn,Cameron,Robyn@gmail.com,password159,"37 Duke Way, Durham NC 27705 ",37,Y
38,Daisy,Liam,Daisy@gmail.com,password160,"38 Duke Way, Durham NC 27705 ",38,Y
39,Zara,George,Zara@gmail.com,password161,"39 Duke Way, Durham NC 27705 ",39,N
40,Gracie,Jamie,Gracie@gmail.com,password162,"40 Duke Way, Durham NC 27705 ",40,N
41,Holly,Callum,Holly@gmail.com,password163,"41 Duke Way, Durham NC 27705 ",41,N
42,Skye,Matthew,Skye@gmail.com,password164,"42 Duke Way, Durham NC 27705 ",42,Y
43,Esme,Muhammad,Esme@gmail.com,password165,"43 Duke Way, Durham NC 27705 ",43,Y
44,Sofia,Caleb,Sofia@gmail.com,password166,"44 Duke Way, Durham NC 27705 ",44,N
45,Erin,Nathan,Erin@gmail.com,password167,"45 Duke Way, Durham NC 27705 ",45,N
46,Hallie,Tommy,Hallie@gmail.com,password168,"46 Duke Way, Durham NC 27705 ",46,N
47,Molly,Carter,Molly@gmail.com,password169,"47 Duke Way, Durham NC 27705 ",47,Y
48,Ayla,Blake,Ayla@gmail.com,password170,"48 Duke Way, Durham NC 27705 ",48,Y
49,Emilia,Andrew,Emilia@gmail.com,password171,"49 Duke Way, Durham NC 27705 ",49,N
50,Layla,Luke,Layla@gmail.com,password172,"50 Duke Way, Durham NC 27705 ",50,N
51,Katie,Jude,Katie@gmail.com,password173,"51 Duke Way, Durham NC 27705 ",51,N
52,Sienna,Angus,Sienna@gmail.com,password174,"52 Duke Way, Durham NC 27705 ",52,Y
53,Niamh,Riley,Niamh@gmail.com,password175,"53 Duke Way, Durham NC 27705 ",53,Y
54,Alice,Luca,Alice@gmail.com,password176,"54 Duke Way, Durham NC 27705 ",54,N
55,Amber,Samuel,Amber@gmail.com,password177,"55 Duke Way, Durham NC 27705 ",55,Y
56,Bonnie,Joseph,Bonnie@gmail.com,password178,"56 Duke Way, Durham NC 27705 ",56,N
57,Maya,David,Maya@gmail.com,password179,"57 Duke Way, Durham NC 27705 ",57,N
58,Zoe,Isaac,Zoe@gmail.com,password180,"58 Duke Way, Durham NC 27705 ",58,N
59,Ada,Ryan,Ada@gmail.com,password181,"59 Duke Way, Durham NC 27705 ",59,Y
60,Hollie,Hamish,Hollie@gmail.com,password182,"60 Duke Way, Durham NC 27705 ",60,Y
61,Bella,Sonny,Bella@gmail.com,password183,"61 Duke Way, Durham NC 27705 ",61,N
62,Luna,Arlo,Luna@gmail.com,password184,"62 Duke Way, Durham NC 27705 ",62,N
63,Thea,Arran,Thea@gmail.com,password185,"63 Duke Way, Durham NC 27705 ",63,N
64,Rose,Cole,Rose@gmail.com,password186,"64 Duke Way, Durham NC 27705 ",64,Y
65,Abigail,Robert,Abigail@gmail.com,password187,"65 Duke Way, Durham NC 27705 ",65,Y
66,Summer,Blair,Summer@gmail.com,password188,"66 Duke Way, Durham NC 27705 ",66,N
67,Callie,Dylan,Callie@gmail.com,password189,"67 Duke Way, Durham NC 27705 ",67,N
68,Hope,Louie,Hope@gmail.com,password190,"68 Duke Way, Durham NC 27705 ",68,N
69,Lexi,Ruaridh,Lexi@gmail.com,password191,"69 Duke Way, Durham NC 27705 ",69,Y
70,Iona,Connor,Iona@gmail.com,password192,"70 Duke Way, Durham NC 27705 ",70,Y
71,Elsie,Benjamin,Elsie@gmail.com,password193,"71 Duke Way, Durham NC 27705 ",71,N
72,Leah,Kai,Leah@gmail.com,password194,"72 Duke Way, Durham NC 27705 ",72,N
73,Scarlett,Michael,Scarlett@gmail.com,password195,"73 Duke Way, Durham NC 27705 ",73,N
74,Julia,Jackson,Julia@gmail.com,password196,"74 Duke Way, Durham NC 27705 ",74,Y
75,Violet,Leon,Violet@gmail.com,password197,"75 Duke Way, Durham NC 27705 ",75,Y
76,Myla,Cooper,Myla@gmail.com,password198,"76 Duke Way, Durham NC 27705 ",76,N
77,Harley,Louis,Harley@gmail.com,password199,"77 Duke Way, Durham NC 27705 ",77,N
78,Eve,Theodore,Eve@gmail.com,password200,"78 Duke Way, Durham NC 27705 ",78,N
79,Imogen,Fraser,Imogen@gmail.com,password201,"79 Duke Way, Durham NC 27705 ",79,Y
80,Elizabeth,Owen,Elizabeth@gmail.com,password202,"80 Duke Way, Durham NC 27705 ",80,Y
81,Cora,Reuben,Cora@gmail.com,password203,"81 Duke Way, Durham NC 27705 ",81,N
82,Florence,John,Florence@gmail.com,password204,"82 Duke Way, Durham NC 27705 ",82,Y
83,Georgie,Carson,Georgie@gmail.com,password205,"83 Duke Way, Durham NC 27705 ",83,N
84,Lilly,Innes,Lilly@gmail.com,password206,"84 Duke Way, Durham NC 27705 ",84,N
85,Matilda,Elijah,Matilda@gmail.com,password207,"85 Duke Way, Durham NC 27705 ",85,N
86,Mirren,Murray,Mirren@gmail.com,password208,"86 Duke Way, Durham NC 27705 ",86,Y
87,Phoebe,Grayson,Phoebe@gmail.com,password209,"87 Duke Way, Durham NC 27705 ",87,Y
88,Rowan,Aiden,Rowan@gmail.com,password210,"88 Duke Way, Durham NC 27705 ",88,N
89,Lola,Aidan,Lola@gmail.com,password211,"89 Duke Way, Durham NC 27705 ",89,N
90,Aurora,Cody,Aurora@gmail.com,password212,"90 Duke Way, Durham NC 27705 ",90,N
91,Evelyn,Elliot,Evelyn@gmail.com,password213,"91 Duke Way, Durham NC 27705 ",91,Y
92,Brooke,Ben,Brooke@gmail.com,password214,"92 Duke Way, Durham NC 27705 ",92,Y
93,Clara,Henry,Clara@gmail.com,password215,"93 Duke Way, Durham NC 27705 ",93,N
94,Lucie,Sam,Lucie@gmail.com,password216,"94 Duke Way, Durham NC 27705 ",94,N
95,Sadie,Alex,Sadie@gmail.com,password217,"95 Duke Way, Durham NC 27705 ",95,N
96,Cara,Ellis,Cara@gmail.com,password218,"96 Duke Way, Durham NC 27705 ",96,Y
97,Darcy,Gabriel,Darcy@gmail.com,password219,"97 Duke Way, Durham NC 27705 ",97,Y
98,Nova,Jax,Nova@gmail.com,password220,"98 Duke Way, Durham NC 27705 ",98,N
99,Penelope,Callan,Penelope@gmail.com,password221,"99 Duke Way, Durham NC 27705 ",99,N
100,Abbie,Ruairidh,Abbie@gmail.com,password222,"100 Duke Way, Durham NC 27705 ",100,N
101,Aila,Frankie,Aila@gmail.com,password223,"101 Duke Way, Durham NC 27705 ",101,Y
102,Ailsa,Lachlan,Ailsa@gmail.com,password224,"102 Duke Way, Durham NC 27705 ",102,Y
103,Aoife,Roman,Aoife@gmail.com,password225,"103 Duke Way, Durham NC 27705 ",103,N
104,Lottie,Brody,Lottie@gmail.com,password226,"104 Duke Way, Durham NC 27705 ",104,N
105,Lyla,Josh,Lyla@gmail.com,password227,"105 Duke Way, Durham NC 27705 ",105,N
106,Maria,Sebastian,Maria@gmail.com,password228,"106 Duke Way, Durham NC 27705 ",106,Y
107,Alba,Struan,Alba@gmail.com,password229,"107 Duke Way, Durham NC 27705 ",107,Y
108,Arya,Evan,Arya@gmail.com,password230,"108 Duke Way, Durham NC 27705 ",108,N
109,Eden,Kyle,Eden@gmail.com,password231,"109 Duke Way, Durham NC 27705 ",109,Y
110,Lucia,Myles,Lucia@gmail.com,password232,"110 Duke Way, Durham NC 27705 ",110,N
111,Penny,Calum,Penny@gmail.com,password233,"111 Duke Way, Durham NC 27705 ",111,N
112,Remi,Lochlan,Remi@gmail.com,password234,"112 Duke Way, Durham NC 27705 ",112,N
113,Flora,Jayden,Flora@gmail.com,password235,"113 Duke Way, Durham NC 27705 ",113,Y
114,Heidi,Lyle,Heidi@gmail.com,password236,"114 Duke Way, Durham NC 27705 ",114,Y
115,Mollie,Robbie,Mollie@gmail.com,password237,"115 Duke Way, Durham NC 27705 ",115,N
116,Sarah,Calvin,Sarah@gmail.com,password238,"116 Duke Way, Durham NC 27705 ",116,N
117,Arabella,Corey,Arabella@gmail.com,password239,"117 Duke Way, Durham NC 27705 ",117,N
118,Eleanor,Jaxson,Eleanor@gmail.com,password240,"118 Duke Way, Durham NC 27705 ",118,Y
119,Hanna,Christopher,Hanna@gmail.com,password241,"119 Duke Way, Durham NC 27705 ",119,Y
120,Harriet,Teddy,Harriet@gmail.com,password242,"120 Duke Way, Durham NC 27705 ",120,N
121,Lara,Eli,Lara@gmail.com,password243,"121 Duke Way, Durham NC 27705 ",121,N
122,Mya,Marcus,Mya@gmail.com,password244,"122 Duke Way, Durham NC 27705 ",122,N
123,Harlow,Parker,Harlow@gmail.com,password245,"123 Duke Way, Durham NC 27705 ",123,Y
124,Naomi,Tyler,Naomi@gmail.com,password246,"124 Duke Way, Durham NC 27705 ",124,Y
125,Rebecca,Euan,Rebecca@gmail.com,password247,"125 Duke Way, Durham NC 27705 ",125,N
126,Halle,Hudson,Halle@gmail.com,password248,"126 Duke Way, Durham NC 27705 ",126,N
127,Lena,Joey,Lena@gmail.com,password249,"127 Duke Way, Durham NC 27705 ",127,N
128,Nina,Austin,Nina@gmail.com,password250,"128 Duke Way, Durham NC 27705 ",128,Y
129,Annie,Zac,Annie@gmail.com,password251,"129 Duke Way, Durham NC 27705 ",129,Y
130,Darcie,Dominic,Darcie@gmail.com,password252,"130 Duke Way, Durham NC 27705 ",130,N
131,Eliza,Kayden,Eliza@gmail.com,password253,"131 Duke Way, Durham NC 27705 ",131,N
132,Faith,Zack,Faith@gmail.com,password254,"132 Duke Way, Durham NC 27705 ",132,N
133,Iris,Harvey,Iris@gmail.com,password255,"133 Duke Way, Durham NC 27705 ",133,Y
134,Piper,Rowan,Piper@gmail.com,password256,"134 Duke Way, Durham NC 27705 ",134,Y
135,Quinn,Hugo,Quinn@gmail.com,password257,"135 Duke Way, Durham NC 27705 ",135,N
136,Amy,Edward,Amy@gmail.com,password258,"136 Duke Way, Durham NC 27705 ",136,Y
137,Paige,Fergus,Paige@gmail.com,password259,"137 Duke Way, Durham NC 27705 ",137,N
138,Rachel,Finley,Rachel@gmail.com,password260,"138 Duke Way, Durham NC 27705 ",138,N
139,Amelie,Patrick,Amelie@gmail.com,password261,"139 Duke Way, Durham NC 27705 ",139,N
140,Gabriella,Cillian,Gabriella@gmail.com,password262,"140 Duke Way, Durham NC 27705 ",140,Y
141,Indie,Conor,Indie@gmail.com,password263,"141 Duke Way, Durham NC 27705 ",141,Y
142,Kayla,Ruben,Kayla@gmail.com,password264,"142 Duke Way, Durham NC 27705 ",142,N
143,Savannah,Flynn,Savannah@gmail.com,password265,"143 Duke Way, Durham NC 27705 ",143,N
144,Alyssa,Jake,Alyssa@gmail.com,password266,"144 Duke Way, Durham NC 27705 ",144,N
145,Bethany,Albie,Bethany@gmail.com,password267,"145 Duke Way, Durham NC 27705 ",145,Y
146,Emilie,Levi,Emilie@gmail.com,password268,"146 Duke Way, Durham NC 27705 ",146,Y
147,Lacey,Mohammad,Lacey@gmail.com,password269,"147 Duke Way, Durham NC 27705 ",147,N
148,Riley,Rhys,Riley@gmail.com,password270,"148 Duke Way, Durham NC 27705 ",148,N
149,Rosa,Ronan,Rosa@gmail.com,password271,"149 Duke Way, Durham NC 27705 ",149,N
150,Autumn,Zach,Autumn@gmail.com,password272,"150 Duke Way, Durham NC 27705 ",150,Y
151,Hayley,Zachary,Hayley@gmail.com,password273,"151 Duke Way, Durham NC 27705 ",151,Y
152,Edith,Ezra,Edith@gmail.com,password274,"152 Duke Way, Durham NC 27705 ",152,N
153,Jorgie,Charles,Jorgie@gmail.com,password275,"153 Duke Way, Durham NC 27705 ",153,N
154,Ayda,Kian,Ayda@gmail.com,password276,"154 Duke Way, Durham NC 27705 ",154,N
155,Elena,Kieran,Elena@gmail.com,password277,"155 Duke Way, Durham NC 27705 ",155,Y
156,Lillie,Mohammed,Lillie@gmail.com,password278,"156 Duke Way, Durham NC 27705 ",156,Y
157,Madison,Zak,Madison@gmail.com,password279,"157 Duke Way, Durham NC 27705 ",157,N
158,Alexandra,Anthony,Alexandra@gmail.com,password280,"158 Duke Way, Durham NC 27705 ",158,N
159,Blake,Bradley,Blake@gmail.com,password281,"159 Duke Way, Durham NC 27705 ",159,N
160,Caitlin,Elliott,Caitlin@gmail.com,password282,"160 Duke Way, Durham NC 27705 ",160,Y
161,Jasmine,Mark,Jasmine@gmail.com,password283,"161 Duke Way, Durham NC 27705 ",161,Y
162,Martha,Miller,Martha@gmail.com,password284,"162 Duke Way, Durham NC 27705 ",162,N
163,Sara,Felix,Sara@gmail.com,password285,"163 Duke Way, Durham NC 27705 ",163,Y
164,Elise,Harley,Elise@gmail.com,password286,"164 Duke Way, Durham NC 27705 ",164,N
165,Isobel,Jay,Isobel@gmail.com,password287,"165 Duke Way, Durham NC 27705 ",165,N
166,Orlagh,Jordan,Orlagh@gmail.com,password288,"166 Duke Way, Durham NC 27705 ",166,N
167,Skylar,Milo,Skylar@gmail.com,password289,"167 Duke Way, Durham NC 27705 ",167,Y
168,Ariana,Oran,Ariana@gmail.com,password290,"168 Duke Way, Durham NC 27705 ",168,Y
169,Connie,Peter,Connie@gmail.com,password291,"169 Duke Way, Durham NC 27705 ",169,N
170,Darcey,Sean,Darcey@gmail.com,password292,"170 Duke Way, Durham NC 27705 ",170,N
171,Francesca,Ciaran,Francesca@gmail.com,password293,"171 Duke Way, Durham NC 27705 ",171,N
172,Frankie,Jasper,Frankie@gmail.com,password294,"172 Duke Way, Durham NC 27705 ",172,Y
173,Macie,Kaiden,Macie@gmail.com,password295,"173 Duke Way, Durham NC 27705 ",173,Y
174,Zoey,Robin,Zoey@gmail.com,password296,"174 Duke Way, Durham NC 27705 ",174,N
175,Aaliyah,Caelan,Aaliyah@gmail.com,password297,"175 Duke Way, Durham NC 27705 ",175,N
176,Beth,Cohen,Beth@gmail.com,password298,"176 Duke Way, Durham NC 27705 ",176,N
177,Ellis,Magnus,Ellis@gmail.com,password299,"177 Duke Way, Durham NC 27705 ",177,Y
178,Lois,Xander,Lois@gmail.com,password300,"178 Duke Way, Durham NC 27705 ",178,Y
179,Megan,Jason,Megan@gmail.com,password301,"179 Duke Way, Durham NC 27705 ",179,N
180,Stella,Reece,Stella@gmail.com,password302,"180 Duke Way, Durham NC 27705 ",180,N
181,Victoria,Ruairi,Victoria@gmail.com,password303,"181 Duke Way, Durham NC 27705 ",181,N
182,April,Scott,April@gmail.com,password304,"182 Duke Way, Durham NC 27705 ",182,Y
183,Nora,Cian,Nora@gmail.com,password305,"183 Duke Way, Durham NC 27705 ",183,Y
184,Olive,Filip,Olive@gmail.com,password306,"184 Duke Way, Durham NC 27705 ",184,N
185,Ariah,Nico,Ariah@gmail.com,password307,"185 Duke Way, Durham NC 27705 ",185,N
186,Cali,Olly,Cali@gmail.com,password308,"186 Duke Way, Durham NC 27705 ",186,N
187,Eloise,Gregor,Eloise@gmail.com,password309,"187 Duke Way, Durham NC 27705 ",187,Y
188,Keira,Junior,Keira@gmail.com,password310,"188 Duke Way, Durham NC 27705 ",188,Y
189,Marnie,Antoni,Marnie@gmail.com,password311,"189 Duke Way, Durham NC 27705 ",189,N
190,Tilly,Colton,Tilly@gmail.com,password312,"190 Duke Way, Durham NC 27705 ",190,Y
191,Annabelle,Jenson,Annabelle@gmail.com,password313,"191 Duke Way, Durham NC 27705 ",191,N
192,Hazel,Layton,Hazel@gmail.com,password314,"192 Duke Way, Durham NC 27705 ",192,N
193,Libby,Ross,Libby@gmail.com,password315,"193 Duke Way, Durham NC 27705 ",193,N
194,Lydia,Frederick,Lydia@gmail.com,password316,"194 Duke Way, Durham NC 27705 ",194,Y
195,Maja,Maxwell,Maja@gmail.com,password317,"195 Duke Way, Durham NC 27705 ",195,Y
196,Nicole,Nicholas,Nicole@gmail.com,password318,"196 Duke Way, Durham NC 27705 ",196,N
197,Orlaith,Danny,Orlaith@gmail.com,password319,"197 Duke Way, Durham NC 27705 ",197,N
198,River,Declan,River@gmail.com,password320,"198 Duke Way, Durham NC 27705 ",198,N
199,Belle,Ibrahim,Belle@gmail.com,password321,"199 Duke Way, Durham NC 27705 ",199,Y
200,Isabelle,Oskar,Isabelle@gmail.com,password322,"200 Duke Way, Durham NC 27705 ",200,Y
201,Lexie,Reggie,Lexie@gmail.com,password323,"201 Duke Way, Durham NC 27705 ",201,N
202,Marley,Shay,Marley@gmail.com,password324,"202 Duke Way, Durham NC 27705 ",202,N
203,Rhea,Zander,Rhea@gmail.com,password325,"203 Duke Way, Durham NC 27705 ",203,N
204,Zofia,Alasdair,Zofia@gmail.com,password326,"204 Duke Way, Durham NC 27705 ",204,Y
205,Zuzanna,Ashton,Zuzanna@gmail.com,password327,"205 Duke Way, Durham NC 27705 ",205,Y
206,Addison,Cruz,Addison@gmail.com,password328,"206 Duke Way, Durham NC 27705 ",206,N
207,Billie,Findlay,Billie@gmail.com,password329,"207 Duke Way, Durham NC 27705 ",207,N
208,Charlie,Hayden,Charlie@gmail.com,password330,"208 Duke Way, Durham NC 27705 ",208,N
209,Cleo,Jace,Cleo@gmail.com,password331,"209 Duke Way, Durham NC 27705 ",209,Y
210,Lana,Kerr,Lana@gmail.com,password332,"210 Duke Way, Durham NC 27705 ",210,Y
211,Lauren,Rio,Lauren@gmail.com,password333,"211 Duke Way, Durham NC 27705 ",211,N
212,Maddison,Rudi,Maddison@gmail.com,password334,"212 Duke Way, Durham NC 27705 ",212,N
213,Maia,Spencer,Maia@gmail.com,password335,"213 Duke Way, Durham NC 27705 ",213,N
214,Mylah,Taylor,Mylah@gmail.com,password336,"214 Duke Way, Durham NC 27705 ",214,Y
215,Nola,Toby,Nola@gmail.com,password337,"215 Duke Way, Durham NC 27705 ",215,Y
216,Blair,Joel,Blair@gmail.com,password338,"216 Duke Way, Durham NC 27705 ",216,N
217,Elle,Keir,Elle@gmail.com,password339,"217 Duke Way, Durham NC 27705 ",217,Y
218,Liliana,Paul,Liliana@gmail.com,password340,"218 Duke Way, Durham NC 27705 ",218,N
219,Maeve,Bobby,Maeve@gmail.com,password341,"219 Duke Way, Durham NC 27705 ",219,N
220,Natalia,Campbell,Natalia@gmail.com,password342,"220 Duke Way, Durham NC 27705 ",220,N
221,Payton,Kacper,Payton@gmail.com,password343,"221 Duke Way, Durham NC 27705 ",221,Y
222,Saoirse,Miles,Saoirse@gmail.com,password344,"222 Duke Way, Durham NC 27705 ",222,Y
223,Talia,Otis,Talia@gmail.com,password345,"223 Duke Way, Durham NC 27705 ",223,N
224,Anastasia,Travis,Anastasia@gmail.com,password346,"224 Duke Way, Durham NC 27705 ",224,N
225,Bailey,Alan,Bailey@gmail.com,password347,"225 Duke Way, Durham NC 27705 ",225,N
226,Brooklyn,Alfred,Brooklyn@gmail.com,password348,"226 Duke Way, Durham NC 27705 ",226,Y
227,Charley,Erik,Charley@gmail.com,password349,"227 Duke Way, Durham NC 27705 ",227,Y
228,Erica,Kevin,Erica@gmail.com,password350,"228 Duke Way, Durham NC 27705 ",228,N
229,Helena,Marcel,Helena@gmail.com,password351,"229 Duke Way, Durham NC 27705 ",229,N
230,Jessie,Nathaniel,Jessie@gmail.com,password352,"230 Duke Way, Durham NC 27705 ",230,N
231,Khloe,Quinn,Khloe@gmail.com,password353,"231 Duke Way, Durham NC 27705 ",231,Y
232,Laura,Yusuf,Laura@gmail.com,password354,"232 Duke Way, Durham NC 27705 ",232,Y
233,Maci,Billy,Maci@gmail.com,password355,"233 Duke Way, Durham NC 27705 ",233,N
234,Macy,Douglas,Macy@gmail.com,password356,"234 Duke Way, Durham NC 27705 ",234,N
235,Mara,Eden,Mara@gmail.com,password357,"235 Duke Way, Durham NC 27705 ",235,N
236,Romi,Ewan,Romi@gmail.com,password358,"236 Duke Way, Durham NC 27705 ",236,Y
237,Aimee,Jakub,Aimee@gmail.com,password359,"237 Duke Way, Durham NC 27705 ",237,Y
238,Alisha,Jonah,Alisha@gmail.com,password360,"238 Duke Way, Durham NC 27705 ",238,N
239,Ciara,Leonardo,Ciara@gmail.com,password361,"239 Duke Way, Durham NC 27705 ",239,N
240,Emelia,Mac,Emelia@gmail.com,password362,"240 Duke Way, Durham NC 27705 ",240,N
241,Emmie,Murdo,Emmie@gmail.com,password363,"241 Duke Way, Durham NC 27705 ",241,Y
242,Leia,Ronnie,Leia@gmail.com,password364,"242 Duke Way, Durham NC 27705 ",242,Y
243,Lyra,Vincent,Lyra@gmail.com,password365,"243 Duke Way, Durham NC 27705 ",243,N
244,Miley,Ali,Miley@gmail.com,password366,"244 Duke Way, Durham NC 27705 ",244,Y
245,Nadia,Asher,Nadia@gmail.com,password367,"245 Duke Way, Durham NC 27705 ",245,N
246,Nieve,Bailey,Nieve@gmail.com,password368,"246 Duke Way, Durham NC 27705 ",246,N
247,Peyton,Enzo,Peyton@gmail.com,password369,"247 Duke Way, Durham NC 27705 ",247,N
248,Astrid,Lennox,Astrid@gmail.com,password370,"248 Duke Way, Durham NC 27705 ",248,Y
249,Caoimhe,Niall,Caoimhe@gmail.com,password371,"249 Duke Way, Durham NC 27705 ",249,Y
250,Cerys,Alistair,Cerys@gmail.com,password372,"250 Duke Way, Durham NC 27705 ",250,N
251,Eliana,Colby,Eliana@gmail.com,password373,"251 Duke Way, Durham NC 27705 ",251,N
252,Elodie,Francis,Elodie@gmail.com,password374,"252 Duke Way, Durham NC 27705 ",252,N
253,Islay,Julian,Islay@gmail.com,password375,"253 Duke Way, Durham NC 27705 ",253,Y
254,Laila,Keegan,Laila@gmail.com,password376,"254 Duke Way, Durham NC 27705 ",254,Y
255,Lilah,Luka,Lilah@gmail.com,password377,"255 Duke Way, Durham NC 27705 ",255,N
256,Neave,Odin,Neave@gmail.com,password378,"256 Duke Way, Durham NC 27705 ",256,N
257,Zahra,Steven,Zahra@gmail.com,password379,"257 Duke Way, Durham NC 27705 ",257,N
258,Blaire,Duncan,Blaire@gmail.com,password380,"258 Duke Way, Durham NC 27705 ",258,Y
259,Esmee,Kade,Esmee@gmail.com,password381,"259 Duke Way, Durham NC 27705 ",259,Y
260,Fatima,Musa,Fatima@gmail.com,password382,"260 Duke Way, Durham NC 27705 ",260,N
261,Fern,Mustafa,Fern@gmail.com,password383,"261 Duke Way, Durham NC 27705 ",261,N
262,Hailey,Oakley,Hailey@gmail.com,password384,"262 Duke Way, Durham NC 27705 ",262,N
263,Jess,Rex,Jess@gmail.com,password385,"263 Duke Way, Durham NC 27705 ",263,Y
264,Margaret,Archer,Margaret@gmail.com,password386,"264 Duke Way, Durham NC 27705 ",264,Y
265,Norah,Axel,Norah@gmail.com,password387,"265 Duke Way, Durham NC 27705 ",265,N
266,Seren,Ayden,Seren@gmail.com,password388,"266 Duke Way, Durham NC 27705 ",266,N
267,Aisha,Caiden,Aisha@gmail.com,password389,"267 Duke Way, Durham NC 27705 ",267,N
268,Arianna,Craig,Arianna@gmail.com,password390,"268 Duke Way, Durham NC 27705 ",268,Y
269,Ariella,Lauchlan,Ariella@gmail.com,password391,"269 Duke Way, Durham NC 27705 ",269,Y
270,Brianna,Lennon,Brianna@gmail.com,password392,"270 Duke Way, Durham NC 27705 ",270,N
271,Carly,Lukas,Carly@gmail.com,password393,"271 Duke Way, Durham NC 27705 ",271,Y
272,Ella-Rose,Maximilian,Ella-Rose@gmail.com,password394,"272 Duke Way, Durham NC 27705 ",272,N
273,Faye,Mylo,Faye@gmail.com,password395,"273 Duke Way, Durham NC 27705 ",273,N
274,Felicity,Nikodem,Felicity@gmail.com,password396,"274 Duke Way, Durham NC 27705 ",274,N
275,Fiadh,Rocco,Fiadh@gmail.com,password397,"275 Duke Way, Durham NC 27705 ",275,Y
276,Jennifer,Rohan,Jennifer@gmail.com,password398,"276 Duke Way, Durham NC 27705 ",276,Y
277,Louisa,Xavier,Louisa@gmail.com,password399,"277 Duke Way, Durham NC 27705 ",277,N
278,Mairi,Abel,Mairi@gmail.com,password400,"278 Duke Way, Durham NC 27705 ",278,N
279,Maryam,Elias,Maryam@gmail.com,password401,"279 Duke Way, Durham NC 27705 ",279,N
280,Melissa,Eric,Melissa@gmail.com,password402,"280 Duke Way, Durham NC 27705 ",280,Y
281,Melody,Franciszek,Melody@gmail.com,password403,"281 Duke Way, Durham NC 27705 ",281,Y
282,Murron,Kaleb,Murron@gmail.com,password404,"282 Duke Way, Durham NC 27705 ",282,N
283,Pippa,Karson,Pippa@gmail.com,password405,"283 Duke Way, Durham NC 27705 ",283,N
284,Taylor,Kody,Taylor@gmail.com,password406,"284 Duke Way, Durham NC 27705 ",284,N
285,Wiktoria,Lincoln,Wiktoria@gmail.com,password407,"285 Duke Way, Durham NC 27705 ",285,Y
286,Abby,Phoenix,Abby@gmail.com,password408,"286 Duke Way, Durham NC 27705 ",286,Y
287,Annabel,Stephen,Annabel@gmail.com,password409,"287 Duke Way, Durham NC 27705 ",287,N
288,Bobbi,Tristan,Bobbi@gmail.com,password410,"288 Duke Way, Durham NC 27705 ",288,N
289,Erika,Abdullah,Erika@gmail.com,password411,"289 Duke Way, Durham NC 27705 ",289,N
290,Farrah,Dexter,Farrah@gmail.com,password412,"290 Duke Way, Durham NC 27705 ",290,Y
291,Fearne,Ian,Fearne@gmail.com,password413,"291 Duke Way, Durham NC 27705 ",291,Y
292,Freyja,Jensen,Freyja@gmail.com,password414,"292 Duke Way, Durham NC 27705 ",292,N
293,Georgina,Jonathan,Georgina@gmail.com,password415,"293 Duke Way, Durham NC 27705 ",293,N
294,Joanna,Richard,Joanna@gmail.com,password416,"294 Duke Way, Durham NC 27705 ",294,N
295,Kali,Zayn,Kali@gmail.com,password417,"295 Duke Way, Durham NC 27705 ",295,Y
296,Maggie,Adrian,Maggie@gmail.com,password418,"296 Duke Way, Durham NC 27705 ",296,Y
297,Morven,Aleksander,Morven@gmail.com,password419,"297 Duke Way, Durham NC 27705 ",297,N
298,Neve,Ayaan,Neve@gmail.com,password420,"298 Duke Way, Durham NC 27705 ",298,Y
299,Paisley,Bruno,Paisley@gmail.com,password421,"299 Duke Way, Durham NC 27705 ",299,N
300,Vaila,Cailean,Vaila@gmail.com,password422,"300 Duke Way, Durham NC 27705 ",300,N
301,Vivienne,Christian,Vivienne@gmail.com,password423,"301 Duke Way, Durham NC 27705 ",301,N
302,Wren,Coby,Wren@gmail.com,password424,"302 Duke Way, Durham NC 27705 ",302,Y
303,Zainab,Conall,Zainab@gmail.com,password425,"303 Duke Way, Durham NC 27705 ",303,Y
304,Alex,Haris,Alex@gmail.com,password426,"304 Duke Way, Durham NC 27705 ",304,N
305,Amaya,Ivor,Amaya@gmail.com,password427,"305 Duke Way, Durham NC 27705 ",305,N
306,Ariya,Kit,Ariya@gmail.com,password428,"306 Duke Way, Durham NC 27705 ",306,N
307,Aurla,Lawson,Aurla@gmail.com,password429,"307 Duke Way, Durham NC 27705 ",307,Y
308,Avery,Lee,Avery@gmail.com,password430,"308 Duke Way, Durham NC 27705 ",308,Y
309,Beatrice,Marco,Beatrice@gmail.com,password431,"309 Duke Way, Durham NC 27705 ",309,N
310,Beau,Martin,Beau@gmail.com,password432,"310 Duke Way, Durham NC 27705 ",310,N
311,Casey,Matei,Casey@gmail.com,password433,"311 Duke Way, Durham NC 27705 ",311,N
312,Christina,Munro,Christina@gmail.com,password434,"312 Duke Way, Durham NC 27705 ",312,Y
313,Esther,Oliwier,Esther@gmail.com,password435,"313 Duke Way, Durham NC 27705 ",313,Y
314,Hana,River,Hana@gmail.com,password436,"314 Duke Way, Durham NC 27705 ",314,N
315,Heather,Ruari,Heather@gmail.com,password437,"315 Duke Way, Durham NC 27705 ",315,N
316,Josie,Stanley,Josie@gmail.com,password438,"316 Duke Way, Durham NC 27705 ",316,N
317,Kate,Szymon,Kate@gmail.com,password439,"317 Duke Way, Durham NC 27705 ",317,Y
318,Keeva,Tom,Keeva@gmail.com,password440,"318 Duke Way, Durham NC 27705 ",318,Y
319,Leila,Tymon,Leila@gmail.com,password441,"319 Duke Way, Durham NC 27705 ",319,N
320,Mary,Bruce,Mary@gmail.com,password442,"320 Duke Way, Durham NC 27705 ",320,N
321,Winter,Darragh,Winter@gmail.com,password443,"321 Duke Way, Durham NC 27705 ",321,N
322,Aizah,Dean,Aizah@gmail.com,password444,"322 Duke Way, Durham NC 27705 ",322,Y
323,Allie,Idris,Allie@gmail.com,password445,"323 Duke Way, Durham NC 27705 ",323,Y
324,Breagha,Jesse,Breagha@gmail.com,password446,"324 Duke Way, Durham NC 27705 ",324,N
325,Catherine,Malcolm,Catherine@gmail.com,password447,"325 Duke Way, Durham NC 27705 ",325,Y
326,Effie,Mateo,Effie@gmail.com,password448,"326 Duke Way, Durham NC 27705 ",326,N
327,Emmeline,Mikey,Emmeline@gmail.com,password449,"327 Duke Way, Durham NC 27705 ",327,N
328,Emmy,Nate,Emmy@gmail.com,password450,"328 Duke Way, Durham NC 27705 ",328,N
329,Esmae,Omar,Esmae@gmail.com,password451,"329 Duke Way, Durham NC 27705 ",329,Y
330,Gabriela,Preston,Gabriela@gmail.com,password452,"330 Duke Way, Durham NC 27705 ",330,Y
331,Harlie,Ruaraidh,Harlie@gmail.com,password453,"331 Duke Way, Durham NC 27705 ",331,N
332,Isabel,Rudy,Isabel@gmail.com,password454,"332 Duke Way, Durham NC 27705 ",332,N
333,Kiara,Vinnie,Kiara@gmail.com,password455,"333 Duke Way, Durham NC 27705 ",333,N
334,Lori,Alec,Lori@gmail.com,password456,"334 Duke Way, Durham NC 27705 ",334,Y
335,Mabel,Allan,Mabel@gmail.com,password457,"335 Duke Way, Durham NC 27705 ",335,Y
336,Madeleine,Callen,Madeleine@gmail.com,password458,"336 Duke Way, Durham NC 27705 ",336,N
337,Margot,Colin,Margot@gmail.com,password459,"337 Duke Way, Durham NC 27705 ",337,N
338,Mariam,Conlan,Mariam@gmail.com,password460,"338 Duke Way, Durham NC 27705 ",338,N
339,Miriam,Curtis,Miriam@gmail.com,password461,"339 Duke Way, Durham NC 27705 ",339,Y
340,Oliwia,Dawson,Oliwia@gmail.com,password462,"340 Duke Way, Durham NC 27705 ",340,Y
341,Reeva,Dominik,Reeva@gmail.com,password463,"341 Duke Way, Durham NC 27705 ",341,N
342,Una,Eddie,Una@gmail.com,password464,"342 Duke Way, Durham NC 27705 ",342,N
343,Alanna,Greyson,Alanna@gmail.com,password465,"343 Duke Way, Durham NC 27705 ",343,N
344,Amara,Jaxx,Amara@gmail.com,password466,"344 Duke Way, Durham NC 27705 ",344,Y
345,Amelia-Rose,Kobi,Amelia-Rose@gmail.com,password467,"345 Duke Way, Durham NC 27705 ",345,Y
346,Anya,Leyton,Anya@gmail.com,password468,"346 Duke Way, Durham NC 27705 ",346,N
347,Aubrey,Nairn,Aubrey@gmail.com,password469,"347 Duke Way, Durham NC 27705 ",347,N
348,Cassie,Nicolas,Cassie@gmail.com,password470,"348 Duke Way, Durham NC 27705 ",348,N
349,Delilah,Ralph,Delilah@gmail.com,password471,"349 Duke Way, Durham NC 27705 ",349,Y
350,Ebony,Seth,Ebony@gmail.com,password472,"350 Duke Way, Durham NC 27705 ",350,Y
351,Edie,Shaun,Edie@gmail.com,password473,"351 Duke Way, Durham NC 27705 ",351,N
352,Eryn,Tobias,Eryn@gmail.com,password474,"352 Duke Way, Durham NC 27705 ",352,Y
353,Everly,Victor,Everly@gmail.com,password475,"353 Duke Way, Durham NC 27705 ",353,N
354,Fallon,Wiktor,Fallon@gmail.com,password476,"354 Duke Way, Durham NC 27705 ",354,N
355,Harper-Rose,Ahmed,Harper-Rose@gmail.com,password477,"355 Duke Way, Durham NC 27705 ",355,N
356,Josephine,Albert,Josephine@gmail.com,password478,"356 Duke Way, Durham NC 27705 ",356,Y
357,Kaitlyn,Archibald,Kaitlyn@gmail.com,password479,"357 Duke Way, Durham NC 27705 ",357,Y
358,Katherine,Aron,Katherine@gmail.com,password480,"358 Duke Way, Durham NC 27705 ",358,N
359,Kennedy,Azaan,Kennedy@gmail.com,password481,"359 Duke Way, Durham NC 27705 ",359,N
360,Klara,Bear,Klara@gmail.com,password482,"360 Duke Way, Durham NC 27705 ",360,N
361,Lillian,Beau,Lillian@gmail.com,password483,"361 Duke Way, Durham NC 27705 ",361,Y
362,Minnie,Bodhi,Minnie@gmail.com,password484,"362 Duke Way, Durham NC 27705 ",362,Y
363,Morgan,Brady,Morgan@gmail.com,password485,"363 Duke Way, Durham NC 27705 ",363,N
364,Myah,Brandon,Myah@gmail.com,password486,"364 Duke Way, Durham NC 27705 ",364,N
365,Natalie,Cairn,Natalie@gmail.com,password487,"365 Duke Way, Durham NC 27705 ",365,N
366,Nela,Chester,Nela@gmail.com,password488,"366 Duke Way, Durham NC 27705 ",366,Y
367,Nevaeh,Clark,Nevaeh@gmail.com,password489,"367 Duke Way, Durham NC 27705 ",367,Y
368,Nia,Coen,Nia@gmail.com,password490,"368 Duke Way, Durham NC 27705 ",368,N
369,Noa,Damian,Noa@gmail.com,password491,"369 Duke Way, Durham NC 27705 ",369,N
370,Perrie,Donald,Perrie@gmail.com,password492,"370 Duke Way, Durham NC 27705 ",370,N
371,Pola,Drew,Pola@gmail.com,password493,"371 Duke Way, Durham NC 27705 ",371,Y
372,Remy,Fabian,Remy@gmail.com,password494,"372 Duke Way, Durham NC 27705 ",372,Y
373,Romy,Fletcher,Romy@gmail.com,password495,"373 Duke Way, Durham NC 27705 ",373,N
374,Sloane,Hugh,Sloane@gmail.com,password496,"374 Duke Way, Durham NC 27705 ",374,N
375,Valentina,Jan,Valentina@gmail.com,password497,"375 Duke Way, Durham NC 27705 ",375,N
376,Alana,Joe,Alana@gmail.com,password498,"376 Duke Way, Durham NC 27705 ",376,Y
377,Alexis,Kalvin,Alexis@gmail.com,password499,"377 Duke Way, Durham NC 27705 ",377,Y
378,Aliyah,Karter,Aliyah@gmail.com,password500,"378 Duke Way, Durham NC 27705 ",378,N
379,Amina,Kayson,Amina@gmail.com,password501,"379 Duke Way, Durham NC 27705 ",379,Y
380,Anaya,Leonard,Anaya@gmail.com,password502,"380 Duke Way, Durham NC 27705 ",380,N
381,Aya,Lyall,Aya@gmail.com,password503,"381 Duke Way, Durham NC 27705 ",381,N
382,Ayesha,Mack,Ayesha@gmail.com,password504,"382 Duke Way, Durham NC 27705 ",382,N
383,Carla,Marley,Carla@gmail.com,password505,"383 Duke Way, Durham NC 27705 ",383,Y
384,Claudia,Marshall,Claudia@gmail.com,password506,"384 Duke Way, Durham NC 27705 ",384,Y
385,Demi,Micah,Demi@gmail.com,password507,"385 Duke Way, Durham NC 27705 ",385,N
386,Elara,Muhammed,Elara@gmail.com,password508,"386 Duke Way, Durham NC 27705 ",386,N
387,Ellie-Mae,Nikolas,Ellie-Mae@gmail.com,password509,"387 Duke Way, Durham NC 27705 ",387,N
388,Elspeth,Philip,Elspeth@gmail.com,password510,"388 Duke Way, Durham NC 27705 ",388,Y
389,Emelie,Rafael,Emelie@gmail.com,password511,"389 Duke Way, Durham NC 27705 ",389,Y
390,Farah,Stefan,Farah@gmail.com,password512,"390 Duke Way, Durham NC 27705 ",390,N
391,Hania,Stewart,Hania@gmail.com,password513,"391 Duke Way, Durham NC 27705 ",391,N
392,Haniya,Torin,Haniya@gmail.com,password514,"392 Duke Way, Durham NC 27705 ",392,N
393,Joy,Will,Joy@gmail.com,password515,"393 Duke Way, Durham NC 27705 ",393,Y
394,Kara,Abdul,Kara@gmail.com,password516,"394 Duke Way, Durham NC 27705 ",394,Y
395,Kendall,Ahmad,Kendall@gmail.com,password517,"395 Duke Way, Durham NC 27705 ",395,N
396,Lacie,Amir,Lacie@gmail.com,password518,"396 Duke Way, Durham NC 27705 ",396,N
397,Lia,Ari,Lia@gmail.com,password519,"397 Duke Way, Durham NC 27705 ",397,N
398,Marlie,Blaine,Marlie@gmail.com,password520,"398 Duke Way, Durham NC 27705 ",398,Y
399,Michaela,Bryce,Michaela@gmail.com,password521,"399 Duke Way, Durham NC 27705 ",399,Y
400,Nyla,Cade,Nyla@gmail.com,password522,"400 Duke Way, Durham NC 27705 ",400,N
401,Pixie,Casey,Pixie@gmail.com,password523,"401 Duke Way, Durham NC 27705 ",401,N
402,Polly,Clayton,Polly@gmail.com,password524,"402 Duke Way, Durham NC 27705 ",402,N
403,Pyper,Denis,Pyper@gmail.com,password525,"403 Duke Way, Durham NC 27705 ",403,Y
404,Wynter,Eesa,Wynter@gmail.com,password526,"404 Duke Way, Durham NC 27705 ",404,Y
405,Yasmin,Eoin,Yasmin@gmail.com,password527,"405 Duke Way, Durham NC 27705 ",405,N
406,Alayna,Frank,Alayna@gmail.com,password528,"406 Duke Way, Durham NC 27705 ",406,Y
407,Alicja,Freddy,Alicja@gmail.com,password529,"407 Duke Way, Durham NC 27705 ",407,N
408,Amira,Gary,Amira@gmail.com,password530,"408 Duke Way, Durham NC 27705 ",408,N
409,Ava-Rose,Glen,Ava-Rose@gmail.com,password531,"409 Duke Way, Durham NC 27705 ",409,N
410,Ayat,Hamza,Ayat@gmail.com,password532,"410 Duke Way, Durham NC 27705 ",410,Y
411,Camryn,Hassan,Camryn@gmail.com,password533,"411 Duke Way, Durham NC 27705 ",411,Y
412,Carmen,Hector,Carmen@gmail.com,password534,"412 Duke Way, Durham NC 27705 ",412,N
413,Carys,Ismaeel,Carys@gmail.com,password535,"413 Duke Way, Durham NC 27705 ",413,N
414,Catriona,Ivan,Catriona@gmail.com,password536,"414 Duke Way, Durham NC 27705 ",414,N
415,Dani,Ivar,Dani@gmail.com,password537,"415 Duke Way, Durham NC 27705 ",415,Y
416,Darci,Kenzie,Darci@gmail.com,password538,"416 Duke Way, Durham NC 27705 ",416,Y
417,Eilish,Killian,Eilish@gmail.com,password539,"417 Duke Way, Durham NC 27705 ",417,N
418,Ferne,Koby,Ferne@gmail.com,password540,"418 Duke Way, Durham NC 27705 ",418,N
419,Hali,Kole,Hali@gmail.com,password541,"419 Duke Way, Durham NC 27705 ",419,N
420,Hareem,Leighton,Hareem@gmail.com,password542,"420 Duke Way, Durham NC 27705 ",420,Y
421,Harleigh,Matteo,Harleigh@gmail.com,password543,"421 Duke Way, Durham NC 27705 ",421,Y
422,Hayden,Mikolaj,Hayden@gmail.com,password544,"422 Duke Way, Durham NC 27705 ",422,N
423,Jade,Millar,Jade@gmail.com,password545,"423 Duke Way, Durham NC 27705 ",423,N
424,Juliet,Mitchell,Juliet@gmail.com,password546,"424 Duke Way, Durham NC 27705 ",424,N
425,Kallie,Nolan,Kallie@gmail.com,password547,"425 Duke Way, Durham NC 27705 ",425,Y
426,Karis,Rayyan,Karis@gmail.com,password548,"426 Duke Way, Durham NC 27705 ",426,Y
427,Kayleigh,Rogan,Kayleigh@gmail.com,password549,"427 Duke Way, Durham NC 27705 ",427,N
428,Leona,Saul,Leona@gmail.com,password550,"428 Duke Way, Durham NC 27705 ",428,N
429,Lila,Syed,Lila@gmail.com,password551,"429 Duke Way, Durham NC 27705 ",429,N
430,Maisy,Tate,Maisy@gmail.com,password552,"430 Duke Way, Durham NC 27705 ",430,Y
431,Meghan,Ace,Meghan@gmail.com,password553,"431 Duke Way, Durham NC 27705 ",431,Y
432,Melanie,Ajay,Melanie@gmail.com,password554,"432 Duke Way, Durham NC 27705 ",432,N
433,Mirryn,Albi,Mirryn@gmail.com,password555,"433 Duke Way, Durham NC 27705 ",433,Y
434,Nellie,Aydin,Nellie@gmail.com,password556,"434 Duke Way, Durham NC 27705 ",434,N
435,Nuala,Borys,Nuala@gmail.com,password557,"435 Duke Way, Durham NC 27705 ",435,N
436,Pearl,Brayden,Pearl@gmail.com,password558,"436 Duke Way, Durham NC 27705 ",436,N
437,Rachael,Conan,Rachael@gmail.com,password559,"437 Duke Way, Durham NC 27705 ",437,Y
438,Rona,Cory,Rona@gmail.com,password560,"438 Duke Way, Durham NC 27705 ",438,Y
439,Rylee,Edan,Rylee@gmail.com,password561,"439 Duke Way, Durham NC 27705 ",439,N
440,Ryleigh,Fynn,Ryleigh@gmail.com,password562,"440 Duke Way, Durham NC 27705 ",440,N
441,Safa,Gordon,Safa@gmail.com,password563,"441 Duke Way, Durham NC 27705 ",441,N
442,Siena,Hughie,Siena@gmail.com,password564,"442 Duke Way, Durham NC 27705 ",442,Y
443,Skyler,Ismail,Skyler@gmail.com,password565,"443 Duke Way, Durham NC 27705 ",443,Y
444,Sydney,Jaiden,Sydney@gmail.com,password566,"444 Duke Way, Durham NC 27705 ",444,N
445,Tara,Lenny,Tara@gmail.com,password567,"445 Duke Way, Durham NC 27705 ",445,N
446,Zarah,Lockie,Zarah@gmail.com,password568,"446 Duke Way, Durham NC 27705 ",446,N
447,Aida,Loki,Aida@gmail.com,password569,"447 Duke Way, Durham NC 27705 ",447,Y
448,Aiza,Mackenzie,Aiza@gmail.com,password570,"448 Duke Way, Durham NC 27705 ",448,Y
449,Alaya,Malachy,Alaya@gmail.com,password571,"449 Duke Way, Durham NC 27705 ",449,N
450,Alia,Mohamed,Alia@gmail.com,password572,"450 Duke Way, Durham NC 27705 ",450,N
451,Alicia,Olivier,Alicia@gmail.com,password573,"451 Duke Way, Durham NC 27705 ",451,N
452,Alix,Otto,Alix@gmail.com,password574,"452 Duke Way, Durham NC 27705 ",452,Y
453,Amal,Ramsay,Amal@gmail.com,password575,"453 Duke Way, Durham NC 27705 ",453,Y
454,Aubree,Rayan,Aubree@gmail.com,password576,"454 Duke Way, Durham NC 27705 ",454,N
455,Ava-Grace,Remy,Ava-Grace@gmail.com,password577,"455 Duke Way, Durham NC 27705 ",455,N
456,Blanka,Romeo,Blanka@gmail.com,password578,"456 Duke Way, Durham NC 27705 ",456,N
457,Blayke,Sami,Blayke@gmail.com,password579,"457 Duke Way, Durham NC 27705 ",457,Y
458,Cadence,Sandy,Cadence@gmail.com,password580,"458 Duke Way, Durham NC 27705 ",458,Y
459,Caitlyn,Shae,Caitlyn@gmail.com,password581,"459 Duke Way, Durham NC 27705 ",459,N
460,Cassidy,Shane,Cassidy@gmail.com,password582,"460 Duke Way, Durham NC 27705 ",460,Y
461,Celeste,Stuart,Celeste@gmail.com,password583,"461 Duke Way, Durham NC 27705 ",461,N
462,Chelsea,Wyatt,Chelsea@gmail.com,password584,"462 Duke Way, Durham NC 27705 ",462,N
463,Chiara,Zakariya,Chiara@gmail.com,password585,"463 Duke Way, Durham NC 27705 ",463,N
464,Constance,Alastair,Constance@gmail.com,password586,"464 Duke Way, Durham NC 27705 ",464,Y
465,Eadie,Ally,Eadie@gmail.com,password587,"465 Duke Way, Durham NC 27705 ",465,Y
466,Ellen,Anton,Ellen@gmail.com,password588,"466 Duke Way, Durham NC 27705 ",466,N
467,Etta,Avery,Etta@gmail.com,password589,"467 Duke Way, Durham NC 27705 ",467,N
468,Hailie,Ayan,Hailie@gmail.com,password590,"468 Duke Way, Durham NC 27705 ",468,N
469,India,Barclay,India@gmail.com,password591,"469 Duke Way, Durham NC 27705 ",469,Y
470,Ivy-Rose,Bjorn,Ivy-Rose@gmail.com,password592,"470 Duke Way, Durham NC 27705 ",470,Y
471,Jorgia,Cayden,Jorgia@gmail.com,password593,"471 Duke Way, Durham NC 27705 ",471,N
472,Kiana,Colt,Kiana@gmail.com,password594,"472 Duke Way, Durham NC 27705 ",472,N
473,Kyla,Corran,Kyla@gmail.com,password595,"473 Duke Way, Durham NC 27705 ",473,N
474,Louise,Dawid,Louise@gmail.com,password596,"474 Duke Way, Durham NC 27705 ",474,Y
475,Margo,Emmanuel,Margo@gmail.com,password597,"475 Duke Way, Durham NC 27705 ",475,Y
476,Merida,Forrest,Merida@gmail.com,password598,"476 Duke Way, Durham NC 27705 ",476,N
477,Milana,Gavin,Milana@gmail.com,password599,"477 Duke Way, Durham NC 27705 ",477,N
478,Milly,Grant,Milly@gmail.com,password600,"478 Duke Way, Durham NC 27705 ",478,N
479,Miya,Hubert,Miya@gmail.com,password601,"479 Duke Way, Durham NC 27705 ",479,Y
480,Mylie,Ignacy,Mylie@gmail.com,password602,"480 Duke Way, Durham NC 27705 ",480,Y
481,Nancy,Jaden,Nancy@gmail.com,password603,"481 Duke Way, Durham NC 27705 ",481,N
482,Nell,Jakob,Nell@gmail.com,password604,"482 Duke Way, Durham NC 27705 ",482,N
483,Olivia-Rose,Johnny,Olivia-Rose@gmail.com,password605,"483 Duke Way, Durham NC 27705 ",483,N
484,Raya,Justin,Raya@gmail.com,password606,"484 Duke Way, Durham NC 27705 ",484,Y
485,Rhona,Kane,Rhona@gmail.com,password607,"485 Duke Way, Durham NC 27705 ",485,Y
486,Roisin,Kilian,Roisin@gmail.com,password608,"486 Duke Way, Durham NC 27705 ",486,N
487,Ruth,Kodi,Ruth@gmail.com,password609,"487 Duke Way, Durham NC 27705 ",487,Y
488,Sofie,Korey,Sofie@gmail.com,password610,"488 Duke Way, Durham NC 27705 ",488,N
489,Susanna,Kylo,Susanna@gmail.com,password611,"489 Duke Way, Durham NC 27705 ",489,N
490,Syeda,Kyran,Syeda@gmail.com,password612,"490 Duke Way, Durham NC 27705 ",490,N
491,Sylvie,Lachlann,Sylvie@gmail.com,password613,"491 Duke Way, Durham NC 27705 ",491,Y
492,Verity,Maksymilian,Verity@gmail.com,password614,"492 Duke Way, Durham NC 27705 ",492,Y
493,Adeline,Marc,Adeline@gmail.com,password615,"493 Duke Way, Durham NC 27705 ",493,N
494,Adriana,Maximus,Adriana@gmail.com,password616,"494 Duke Way, Durham NC 27705 ",494,N
495,Ailie,Niven,Ailie@gmail.com,password617,"495 Duke Way, Durham NC 27705 ",495,N
496,Alaia,Noel,Alaia@gmail.com,password618,"496 Duke Way, Durham NC 27705 ",496,Y
497,Aleksandra,Odhran,Aleksandra@gmail.com,password619,"497 Duke Way, Durham NC 27705 ",497,Y
498,Alexandria,Oisin,Alexandria@gmail.com,password620,"498 Duke Way, Durham NC 27705 ",498,N
499,Alissa,Ralphie,Alissa@gmail.com,password621,"499 Duke Way, Durham NC 27705 ",499,N
500,Ana,Ritchie,Ana@gmail.com,password622,"500 Duke Way, Durham NC 27705 ",500,N
501,Annabella,Roan,Annabella@gmail.com,password623,"501 Duke Way, Durham NC 27705 ",501,Y
502,Antonia,Roddy,Antonia@gmail.com,password624,"502 Duke Way, Durham NC 27705 ",502,Y
503,Antonina,Rueben,Antonina@gmail.com,password625,"503 Duke Way, Durham NC 27705 ",503,N
504,Arla,Rupert,Arla@gmail.com,password626,"504 Duke Way, Durham NC 27705 ",504,N
505,Arwen,Ryley,Arwen@gmail.com,password627,"505 Duke Way, Durham NC 27705 ",505,N
506,Caragh,Santiago,Caragh@gmail.com,password628,"506 Duke Way, Durham NC 27705 ",506,Y
507,Celine,Seamus,Celine@gmail.com,password629,"507 Duke Way, Durham NC 27705 ",507,Y
508,Claire,Simon,Claire@gmail.com,password630,"508 Duke Way, Durham NC 27705 ",508,N
509,Diana,Stanislaw,Diana@gmail.com,password631,"509 Duke Way, Durham NC 27705 ",509,N
510,Ellie-May,Tymoteusz,Ellie-May@gmail.com,password632,"510 Duke Way, Durham NC 27705 ",510,N
511,Elsa,Vinny,Elsa@gmail.com,password633,"511 Duke Way, Durham NC 27705 ",511,Y
512,Eshal,Walter,Eshal@gmail.com,password634,"512 Duke Way, Durham NC 27705 ",512,Y
513,Fatimah,Wren,Fatimah@gmail.com,password635,"513 Duke Way, Durham NC 27705 ",513,N
514,Frida,Yahya,Frida@gmail.com,password636,"514 Duke Way, Durham NC 27705 ",514,Y
515,Genevieve,Zain,Genevieve@gmail.com,password637,"515 Duke Way, Durham NC 27705 ",515,N
516,Gloria,Ailbe,Gloria@gmail.com,password638,"516 Duke Way, Durham NC 27705 ",516,N
517,Greta,Anderson,Greta@gmail.com,password639,"517 Duke Way, Durham NC 27705 ",517,N
518,Haleema,Andy,Haleema@gmail.com,password640,"518 Duke Way, Durham NC 27705 ",518,Y
519,Ida,Antonio,Ida@gmail.com,password641,"519 Duke Way, Durham NC 27705 ",519,Y
520,Iga,Aodhan,Iga@gmail.com,password642,"520 Duke Way, Durham NC 27705 ",520,N
521,Ilaria,Arjan,Ilaria@gmail.com,password643,"521 Duke Way, Durham NC 27705 ",521,N
522,Indi,Artur,Indi@gmail.com,password644,"522 Duke Way, Durham NC 27705 ",522,N
523,Isla-Rose,Aryan,Isla-Rose@gmail.com,password645,"523 Duke Way, Durham NC 27705 ",523,Y
524,Jorja,Ashley,Jorja@gmail.com,password646,"524 Duke Way, Durham NC 27705 ",524,Y
525,Juno,August,Juno@gmail.com,password647,"525 Duke Way, Durham NC 27705 ",525,N
526,Kaci,Aulay,Kaci@gmail.com,password648,"526 Duke Way, Durham NC 27705 ",526,N
527,Kacie,Ayman,Kacie@gmail.com,password649,"527 Duke Way, Durham NC 27705 ",527,N
528,Kadie,Brendan,Kadie@gmail.com,password650,"528 Duke Way, Durham NC 27705 ",528,Y
529,Katy,Brian,Katy@gmail.com,password651,"529 Duke Way, Durham NC 27705 ",529,Y
530,Kaya,Caden,Kaya@gmail.com,password652,"530 Duke Way, Durham NC 27705 ",530,N
531,Khadija,Cailen,Khadija@gmail.com,password653,"531 Duke Way, Durham NC 27705 ",531,N
532,Kirsty,Calder,Kirsty@gmail.com,password654,"532 Duke Way, Durham NC 27705 ",532,N
533,Kitty,Carlos,Kitty@gmail.com,password655,"533 Duke Way, Durham NC 27705 ",533,Y
534,Kyra,Casper,Kyra@gmail.com,password656,"534 Duke Way, Durham NC 27705 ",534,Y
535,Leyla,Conlyn,Leyla@gmail.com,password657,"535 Duke Way, Durham NC 27705 ",535,N
536,Lilia,Cormac,Lilia@gmail.com,password658,"536 Duke Way, Durham NC 27705 ",536,N
537,Lilly-Mae,Dale,Lilly-Mae@gmail.com,password659,"537 Duke Way, Durham NC 27705 ",537,N
538,Lily-Rose,Dalton,Lily-Rose@gmail.com,password660,"538 Duke Way, Durham NC 27705 ",538,Y
539,Luci,Damon,Luci@gmail.com,password661,"539 Duke Way, Durham NC 27705 ",539,Y
540,Mackenzie,Danish,Mackenzie@gmail.com,password662,"540 Duke Way, Durham NC 27705 ",540,N
541,Makayla,Dante,Makayla@gmail.com,password663,"541 Duke Way, Durham NC 27705 ",541,Y
542,Marwa,Darius,Marwa@gmail.com,password664,"542 Duke Way, Durham NC 27705 ",542,N
543,Mila-Rose,Darren,Mila-Rose@gmail.com,password665,"543 Duke Way, Durham NC 27705 ",543,N
544,Murren,Daryl,Murren@gmail.com,password666,"544 Duke Way, Durham NC 27705 ",544,N
545,Naya,Deacon,Naya@gmail.com,password667,"545 Duke Way, Durham NC 27705 ",545,Y
546,Nelly,Dennis,Nelly@gmail.com,password668,"546 Duke Way, Durham NC 27705 ",546,Y
547,Noor,Dougal,Noor@gmail.com,password669,"547 Duke Way, Durham NC 27705 ",547,N
548,Oonagh,Eoghan,Oonagh@gmail.com,password670,"548 Duke Way, Durham NC 27705 ",548,N
549,Ottilie,Ernest,Ottilie@gmail.com,password671,"549 Duke Way, Durham NC 27705 ",549,N
550,Presley,Fionn,Presley@gmail.com,password672,"550 Duke Way, Durham NC 27705 ",550,Y
551,Rae,Ford,Rae@gmail.com,password673,"551 Duke Way, Durham NC 27705 ",551,Y
552,Rhia,Fox,Rhia@gmail.com,password674,"552 Duke Way, Durham NC 27705 ",552,N
553,Rhiannon,Franklin,Rhiannon@gmail.com,password675,"553 Duke Way, Durham NC 27705 ",553,N
554,Robin,Georgie,Robin@gmail.com,password676,"554 Duke Way, Durham NC 27705 ",554,N
555,Sally,Gray,Sally@gmail.com,password677,"555 Duke Way, Durham NC 27705 ",555,Y
556,Stefania,Haider,Stefania@gmail.com,password678,"556 Duke Way, Durham NC 27705 ",556,Y
557,Tabitha,Harper,Tabitha@gmail.com,password679,"557 Duke Way, Durham NC 27705 ",557,N
558,Thalia,Iain,Thalia@gmail.com,password680,"558 Duke Way, Durham NC 27705 ",558,N
559,Vanessa,Ianis,Vanessa@gmail.com,password681,"559 Duke Way, Durham NC 27705 ",559,N
560,Aayat,Igor,Aayat@gmail.com,password682,"560 Duke Way, Durham NC 27705 ",560,Y
561,Abbey,Isaiah,Abbey@gmail.com,password683,"561 Duke Way, Durham NC 27705 ",561,Y
562,Abi,Issac,Abi@gmail.com,password684,"562 Duke Way, Durham NC 27705 ",562,N
563,Ailidh,Jai,Ailidh@gmail.com,password685,"563 Duke Way, Durham NC 27705 ",563,N
564,Ailish,Jonas,Ailish@gmail.com,password686,"564 Duke Way, Durham NC 27705 ",564,N
565,Ainsley,Kaden,Ainsley@gmail.com,password687,"565 Duke Way, Durham NC 27705 ",565,Y
566,Aisling,Kailen,Aisling@gmail.com,password688,"566 Duke Way, Durham NC 27705 ",566,Y
567,Alina,Keanu,Alina@gmail.com,password689,"567 Duke Way, Durham NC 27705 ",567,N
568,Alisa,Kingsley,Alisa@gmail.com,password690,"568 Duke Way, Durham NC 27705 ",568,Y
569,Alma,Knox,Alma@gmail.com,password691,"569 Duke Way, Durham NC 27705 ",569,N
570,Anastazja,Kobe,Anastazja@gmail.com,password692,"570 Duke Way, Durham NC 27705 ",570,N
571,Andi,Koen,Andi@gmail.com,password693,"571 Duke Way, Durham NC 27705 ",571,N
572,Annalise,Kolby,Annalise@gmail.com,password694,"572 Duke Way, Durham NC 27705 ",572,Y
573,Arwa,Kolton,Arwa@gmail.com,password695,"573 Duke Way, Durham NC 27705 ",573,Y
574,Aseel,Krystian,Aseel@gmail.com,password696,"574 Duke Way, Durham NC 27705 ",574,N
575,Athena,Kyron,Athena@gmail.com,password697,"575 Duke Way, Durham NC 27705 ",575,N
576,Aurelia,Laith,Aurelia@gmail.com,password698,"576 Duke Way, Durham NC 27705 ",576,N
577,Avianna,Laurie,Avianna@gmail.com,password699,"577 Duke Way, Durham NC 27705 ",577,Y
578,Ayra,Leland,Ayra@gmail.com,password700,"578 Duke Way, Durham NC 27705 ",578,Y
579,Beatrix,Lleyton,Beatrix@gmail.com,password701,"579 Duke Way, Durham NC 27705 ",579,N
580,Bianca,Loui,Bianca@gmail.com,password702,"580 Duke Way, Durham NC 27705 ",580,N
581,Bianka,Maddox,Bianka@gmail.com,password703,"581 Duke Way, Durham NC 27705 ",581,N
582,Blossom,Markus,Blossom@gmail.com,password704,"582 Duke Way, Durham NC 27705 ",582,Y
583,Blythe,Mateusz,Blythe@gmail.com,password705,"583 Duke Way, Durham NC 27705 ",583,Y
584,Brodie,Mathew,Brodie@gmail.com,password706,"584 Duke Way, Durham NC 27705 ",584,N
585,Charli,Natan,Charli@gmail.com,password707,"585 Duke Way, Durham NC 27705 ",585,N
586,Clementine,Oli,Clementine@gmail.com,password708,"586 Duke Way, Durham NC 27705 ",586,N
587,Clodagh,Orion,Clodagh@gmail.com,password709,"587 Duke Way, Durham NC 27705 ",587,Y
588,Daisie,Orrin,Daisie@gmail.com,password710,"588 Duke Way, Durham NC 27705 ",588,Y
589,Dakota,Orson,Dakota@gmail.com,password711,"589 Duke Way, Durham NC 27705 ",589,N
590,Dana,Patryk,Dana@gmail.com,password712,"590 Duke Way, Durham NC 27705 ",590,N
591,Danni,Rafe,Danni@gmail.com,password713,"591 Duke Way, Durham NC 27705 ",591,N
592,Elin,Raphael,Elin@gmail.com,password714,"592 Duke Way, Durham NC 27705 ",592,Y
593,Ella-Louise,Ray,Ella-Louise@gmail.com,password715,"593 Duke Way, Durham NC 27705 ",593,Y
594,Elliana,Raymond,Elliana@gmail.com,password716,"594 Duke Way, Durham NC 27705 ",594,N
595,Ellie-Rose,Seumas,Ellie-Rose@gmail.com,password717,"595 Duke Way, Durham NC 27705 ",595,Y
596,Ember,Solomon,Ember@gmail.com,password718,"596 Duke Way, Durham NC 27705 ",596,N
597,Emme,Tadhg,Emme@gmail.com,password719,"597 Duke Way, Durham NC 27705 ",597,N
598,Esmie,Ted,Esmie@gmail.com,password720,"598 Duke Way, Durham NC 27705 ",598,N
599,Fara,Teddie,Fara@gmail.com,password721,"599 Duke Way, Durham NC 27705 ",599,Y
600,Gaia,Tiernan,Gaia@gmail.com,password722,"600 Duke Way, Durham NC 27705 ",600,Y
601,Gia,Tierney,Gia@gmail.com,password723,"601 Duke Way, Durham NC 27705 ",601,N
602,Giulia,Timothy,Giulia@gmail.com,password724,"602 Duke Way, Durham NC 27705 ",602,N
603,Gracie-Mae,Torrin,Gracie-Mae@gmail.com,password725,"603 Duke Way, Durham NC 27705 ",603,N
604,Hafsa,Wallace,Hafsa@gmail.com,password726,"604 Duke Way, Durham NC 27705 ",604,Y
605,Hayleigh,Wesley,Hayleigh@gmail.com,password727,"605 Duke Way, Durham NC 27705 ",605,Y
606,Inaaya,Yousaf,Inaaya@gmail.com,password728,"606 Duke Way, Durham NC 27705 ",606,N
607,Ingrid,Yousef,Ingrid@gmail.com,password729,"607 Duke Way, Durham NC 27705 ",607,N
608,Izabella,Yousif,Izabella@gmail.com,password730,"608 Duke Way, Durham NC 27705 ",608,N
609,Jana,Alejandro,Jana@gmail.com,password731,"609 Duke Way, Durham NC 27705 ",609,Y
610,Jenny,Alessandro,Jenny@gmail.com,password732,"610 Duke Way, Durham NC 27705 ",610,Y
611,Joni,Alexandros,Joni@gmail.com,password733,"611 Duke Way, Durham NC 27705 ",611,N
612,Kady,Aonghas,Kady@gmail.com,password734,"612 Duke Way, Durham NC 27705 ",612,N
613,Kasey,Archy,Kasey@gmail.com,password735,"613 Duke Way, Durham NC 27705 ",613,N
614,Kiera,Ares,Kiera@gmail.com,password736,"614 Duke Way, Durham NC 27705 ",614,Y
615,Kira,Armaan,Kira@gmail.com,password737,"615 Duke Way, Durham NC 27705 ",615,Y
616,Kylie,Aydan,Kylie@gmail.com,password738,"616 Duke Way, Durham NC 27705 ",616,N
617,Lea,Baxter,Lea@gmail.com,password739,"617 Duke Way, Durham NC 27705 ",617,N
618,Lilianna,Beauden,Lilianna@gmail.com,password740,"618 Duke Way, Durham NC 27705 ",618,N
619,Lilith,Benedict,Lilith@gmail.com,password741,"619 Duke Way, Durham NC 27705 ",619,Y
620,Lily-Mae,Bertie,Lily-Mae@gmail.com,password742,"620 Duke Way, Durham NC 27705 ",620,Y
621,Lina,Blayne,Lina@gmail.com,password743,"621 Duke Way, Durham NC 27705 ",621,N
622,Macey,Bowie,Macey@gmail.com,password744,"622 Duke Way, Durham NC 27705 ",622,Y
623,Mae,Broden,Mae@gmail.com,password745,"623 Duke Way, Durham NC 27705 ",623,N
624,Maeva,Bryan,Maeva@gmail.com,password746,"624 Duke Way, Durham NC 27705 ",624,N
625,Maiya,Buddy,Maiya@gmail.com,password747,"625 Duke Way, Durham NC 27705 ",625,N
626,Marcella,Caolan,Marcella@gmail.com,password748,"626 Duke Way, Durham NC 27705 ",626,Y
627,Marcie,Cayde,Marcie@gmail.com,password749,"627 Duke Way, Durham NC 27705 ",627,Y
628,Marcy,Chase,Marcy@gmail.com,password750,"628 Duke Way, Durham NC 27705 ",628,N
629,May,Che,May@gmail.com,password751,"629 Duke Way, Durham NC 27705 ",629,N
630,Mckenna,Coll,Mckenna@gmail.com,password752,"630 Duke Way, Durham NC 27705 ",630,N
631,Meadow,Colson,Meadow@gmail.com,password753,"631 Duke Way, Durham NC 27705 ",631,Y
632,Melina,Conner,Melina@gmail.com,password754,"632 Duke Way, Durham NC 27705 ",632,Y
633,Mhairi,Corrie,Mhairi@gmail.com,password755,"633 Duke Way, Durham NC 27705 ",633,N
634,Nikola,Damien,Nikola@gmail.com,password756,"634 Duke Way, Durham NC 27705 ",634,N
635,Noelle,Daniyal,Noelle@gmail.com,password757,"635 Duke Way, Durham NC 27705 ",635,N
636,Orlaigh,Danyal,Orlaigh@gmail.com,password758,"636 Duke Way, Durham NC 27705 ",636,Y
637,Peggy,Dario,Peggy@gmail.com,password759,"637 Duke Way, Durham NC 27705 ",637,Y
638,Ramona,Devlin,Ramona@gmail.com,password760,"638 Duke Way, Durham NC 27705 ",638,N
639,Rayne,Dillon,Rayne@gmail.com,password761,"639 Duke Way, Durham NC 27705 ",639,N
640,Rebeca,Dorian,Rebeca@gmail.com,password762,"640 Duke Way, Durham NC 27705 ",640,N
641,Rosalie,Eamon,Rosalie@gmail.com,password763,"641 Duke Way, Durham NC 27705 ",641,Y
642,Rosanna,Edmund,Rosanna@gmail.com,password764,"642 Duke Way, Durham NC 27705 ",642,Y
643,Rylie,Emil,Rylie@gmail.com,password765,"643 Duke Way, Durham NC 27705 ",643,N
644,Silver,Emmett,Silver@gmail.com,password766,"644 Duke Way, Durham NC 27705 ",644,N
645,Skyla,Ewen,Skyla@gmail.com,password767,"645 Duke Way, Durham NC 27705 ",645,N
646,Star,Finnlay,Star@gmail.com,password768,"646 Duke Way, Durham NC 27705 ",646,Y
647,Stephanie,Forbes,Stephanie@gmail.com,password769,"647 Duke Way, Durham NC 27705 ",647,Y
648,Winnie,Francesco,Winnie@gmail.com,password770,"648 Duke Way, Durham NC 27705 ",648,N
649,Zoya,Franco,Zoya@gmail.com,password771,"649 Duke Way, Durham NC 27705 ",649,Y
650,Adalyn,Gerard,Adalyn@gmail.com,password772,"650 Duke Way, Durham NC 27705 ",650,N
651,Afia,Giovanni,Afia@gmail.com,password773,"651 Duke Way, Durham NC 27705 ",651,N
652,Agnes,Grey,Agnes@gmail.com,password774,"652 Duke Way, Durham NC 27705 ",652,N
653,Alys,Hadley,Alys@gmail.com,password775,"653 Duke Way, Durham NC 27705 ",653,Y
654,Amaia,Harlow,Amaia@gmail.com,password776,"654 Duke Way, Durham NC 27705 ",654,Y
655,Ameera,Haydn,Ameera@gmail.com,password777,"655 Duke Way, Durham NC 27705 ",655,N
656,Amelia-Grace,Heath,Amelia-Grace@gmail.com,password778,"656 Duke Way, Durham NC 27705 ",656,N
657,Amirah,Howie,Amirah@gmail.com,password779,"657 Duke Way, Durham NC 27705 ",657,N
658,Amna,Ibraheem,Amna@gmail.com,password780,"658 Duke Way, Durham NC 27705 ",658,Y
659,Anabella,Jameson,Anabella@gmail.com,password781,"659 Duke Way, Durham NC 27705 ",659,Y
660,Anais,Jayce,Anais@gmail.com,password782,"660 Duke Way, Durham NC 27705 ",660,N
661,Andie,Jonny,Andie@gmail.com,password783,"661 Duke Way, Durham NC 27705 ",661,N
662,Angel,Judah,Angel@gmail.com,password784,"662 Duke Way, Durham NC 27705 ",662,N
663,Aria-Rose,Jura,Aria-Rose@gmail.com,password785,"663 Duke Way, Durham NC 27705 ",663,Y
664,Ariyah,Kaelan,Ariyah@gmail.com,password786,"664 Duke Way, Durham NC 27705 ",664,Y
665,Arlah,Kelvin,Arlah@gmail.com,password787,"665 Duke Way, Durham NC 27705 ",665,N
666,Aryana,Khalid,Aryana@gmail.com,password788,"666 Duke Way, Durham NC 27705 ",666,N
667,Ashley,Kurtis,Ashley@gmail.com,password789,"667 Duke Way, Durham NC 27705 ",667,N
668,Audrey,Kyan,Audrey@gmail.com,password790,"668 Duke Way, Durham NC 27705 ",668,Y
669,Ayah,Laurence,Ayah@gmail.com,password791,"669 Duke Way, Durham NC 27705 ",669,Y
670,Ayana,Leonidas,Ayana@gmail.com,password792,"670 Duke Way, Durham NC 27705 ",670,N
671,Aymen,Lomond,Aymen@gmail.com,password793,"671 Duke Way, Durham NC 27705 ",671,N
672,Aysha,Lorcan,Aysha@gmail.com,password794,"672 Duke Way, Durham NC 27705 ",672,N
673,Ayva,Lorenzo,Ayva@gmail.com,password795,"673 Duke Way, Durham NC 27705 ",673,Y
674,Azra,Luis,Azra@gmail.com,password796,"674 Duke Way, Durham NC 27705 ",674,Y
675,Briar,Maison,Briar@gmail.com,password797,"675 Duke Way, Durham NC 27705 ",675,N
676,Brogan,Mayson,Brogan@gmail.com,password798,"676 Duke Way, Durham NC 27705 ",676,Y
677,Calla,Michal,Calla@gmail.com,password799,"677 Duke Way, Durham NC 27705 ",677,N
678,Corran,Milosz,Corran@gmail.com,password800,"678 Duke Way, Durham NC 27705 ",678,N
679,Daniella,Morgan,Daniella@gmail.com,password801,"679 Duke Way, Durham NC 27705 ",679,N
680,Daria,Murphy,Daria@gmail.com,password802,"680 Duke Way, Durham NC 27705 ",680,Y
681,Dua,Ossian,Dua@gmail.com,password803,"681 Duke Way, Durham NC 27705 ",681,Y
682,Elaina,Ozzy,Elaina@gmail.com,password804,"682 Duke Way, Durham NC 27705 ",682,N
683,Elisa,Pearse,Elisa@gmail.com,password805,"683 Duke Way, Durham NC 27705 ",683,N
684,Ella-Grace,Raheem,Ella-Grace@gmail.com,password806,"684 Duke Way, Durham NC 27705 ",684,N
685,Ella-May,Rehan,Ella-May@gmail.com,password807,"685 Duke Way, Durham NC 27705 ",685,Y
686,Ellianna,Ronald,Ellianna@gmail.com,password808,"686 Duke Way, Durham NC 27705 ",686,Y
687,Elly,Santino,Elly@gmail.com,password809,"687 Duke Way, Durham NC 27705 ",687,N
688,Emaan,Sawyer,Emaan@gmail.com,password810,"688 Duke Way, Durham NC 27705 ",688,N
689,Emie,Seonaidh,Emie@gmail.com,password811,"689 Duke Way, Durham NC 27705 ",689,N
690,Emmi,Shaye,Emmi@gmail.com,password812,"690 Duke Way, Durham NC 27705 ",690,Y
691,Esmay,Soren,Esmay@gmail.com,password813,"691 Duke Way, Durham NC 27705 ",691,Y
692,Fraya,Sulaiman,Fraya@gmail.com,password814,"692 Duke Way, Durham NC 27705 ",692,N
693,Gabrielle,Sullivan,Gabrielle@gmail.com,password815,"693 Duke Way, Durham NC 27705 ",693,N
694,Giorgia,Tomas,Giorgia@gmail.com,password816,"694 Duke Way, Durham NC 27705 ",694,N
695,Helen,Tommie,Helen@gmail.com,password817,"695 Duke Way, Durham NC 27705 ",695,Y
696,Huda,Vivaan,Huda@gmail.com,password818,"696 Duke Way, Durham NC 27705 ",696,Y
697,Imaan,Wilfred,Imaan@gmail.com,password819,"697 Duke Way, Durham NC 27705 ",697,N
698,Indiana,Yunus,Indiana@gmail.com,password820,"698 Duke Way, Durham NC 27705 ",698,N
699,Jaime,Zachariah,Jaime@gmail.com,password821,"699 Duke Way, Durham NC 27705 ",699,N
700,Jaya,Zakaria,Jaya@gmail.com,password822,"700 Duke Way, Durham NC 27705 ",700,Y
701,Jenna,Aahil,Jenna@gmail.com,password823,"701 Duke Way, Durham NC 27705 ",701,Y
702,Jorgi,Aaran,Jorgi@gmail.com,password824,"702 Duke Way, Durham NC 27705 ",702,N
703,Kacey,Aarav,Kacey@gmail.com,password825,"703 Duke Way, Durham NC 27705 ",703,Y
704,Kaja,Aayansh,Kaja@gmail.com,password826,"704 Duke Way, Durham NC 27705 ",704,N
705,Kathleen,Abdallah,Kathleen@gmail.com,password827,"705 Duke Way, Durham NC 27705 ",705,N
706,Kathryn,Abe,Kathryn@gmail.com,password828,"706 Duke Way, Durham NC 27705 ",706,N
707,Kaycie,Abraham,Kaycie@gmail.com,password829,"707 Duke Way, Durham NC 27705 ",707,Y
708,Kelsey,Alexandru,Kelsey@gmail.com,password830,"708 Duke Way, Durham NC 27705 ",708,Y
709,Kenna,Amos,Kenna@gmail.com,password831,"709 Duke Way, Durham NC 27705 ",709,N
710,Kenzie,Aonghus,Kenzie@gmail.com,password832,"710 Duke Way, Durham NC 27705 ",710,N
711,Kirsten,Apollo,Kirsten@gmail.com,password833,"711 Duke Way, Durham NC 27705 ",711,N
712,Kornelia,Arham,Kornelia@gmail.com,password834,"712 Duke Way, Durham NC 27705 ",712,Y
713,Laiba,Arjun,Laiba@gmail.com,password835,"713 Duke Way, Durham NC 27705 ",713,Y
714,Leen,Armando,Leen@gmail.com,password836,"714 Duke Way, Durham NC 27705 ",714,N
715,Lilian,Arron,Lilian@gmail.com,password837,"715 Duke Way, Durham NC 27705 ",715,N
716,Lilly-Rose,Arryn,Lilly-Rose@gmail.com,password838,"716 Duke Way, Durham NC 27705 ",716,N
717,Lily-Grace,Asa,Lily-Grace@gmail.com,password839,"717 Duke Way, Durham NC 27705 ",717,Y
718,Lily-May,Ash,Lily-May@gmail.com,password840,"718 Duke Way, Durham NC 27705 ",718,Y
719,Liv,Austen,Liv@gmail.com,password841,"719 Duke Way, Durham NC 27705 ",719,N
720,Livia,Baillie,Livia@gmail.com,password842,"720 Duke Way, Durham NC 27705 ",720,N
721,Lyanna,Bentley,Lyanna@gmail.com,password843,"721 Duke Way, Durham NC 27705 ",721,N
722,Maddie,Bo,Maddie@gmail.com,password844,"722 Duke Way, Durham NC 27705 ",722,Y
723,Mali,Bowen,Mali@gmail.com,password845,"723 Duke Way, Durham NC 27705 ",723,Y
724,Manha,Braxton,Manha@gmail.com,password846,"724 Duke Way, Durham NC 27705 ",724,N
725,Merryn,Brooklyn,Merryn@gmail.com,password847,"725 Duke Way, Durham NC 27705 ",725,N
726,Mikayla,Caelen,Mikayla@gmail.com,password848,"726 Duke Way, Durham NC 27705 ",726,N
727,Mina,Caelin,Mina@gmail.com,password849,"727 Duke Way, Durham NC 27705 ",727,Y
728,Mira,Cai,Mira@gmail.com,password850,"728 Duke Way, Durham NC 27705 ",728,Y
729,Niah,Cairo,Niah@gmail.com,password851,"729 Duke Way, Durham NC 27705 ",729,N
730,Nylah,Cal,Nylah@gmail.com,password852,"730 Duke Way, Durham NC 27705 ",730,Y
731,Paris,Camden,Paris@gmail.com,password853,"731 Duke Way, Durham NC 27705 ",731,N
732,Paula,Carter-James,Paula@gmail.com,password854,"732 Duke Way, Durham NC 27705 ",732,N
733,Petra,Cassius,Petra@gmail.com,password855,"733 Duke Way, Durham NC 27705 ",733,N
734,Philippa,Cayson,Philippa@gmail.com,password856,"734 Duke Way, Durham NC 27705 ",734,Y
735,Rayna,Cezary,Rayna@gmail.com,password857,"735 Duke Way, Durham NC 27705 ",735,Y
736,Rio,Chay,Rio@gmail.com,password858,"736 Duke Way, Durham NC 27705 ",736,N
737,Riva,Cjay,Riva@gmail.com,password859,"737 Duke Way, Durham NC 27705 ",737,N
738,Rosemary,Clyde,Rosemary@gmail.com,password860,"738 Duke Way, Durham NC 27705 ",738,N
739,Roxanne,Cobie,Roxanne@gmail.com,password861,"739 Duke Way, Durham NC 27705 ",739,Y
740,Rozalia,Cobyn,Rozalia@gmail.com,password862,"740 Duke Way, Durham NC 27705 ",740,Y
741,Sabrina,Copland,Sabrina@gmail.com,password863,"741 Duke Way, Durham NC 27705 ",741,N
742,Samantha,Cullen,Samantha@gmail.com,password864,"742 Duke Way, Durham NC 27705 ",742,N
743,Samira,Damir,Samira@gmail.com,password865,"743 Duke Way, Durham NC 27705 ",743,N
744,Sasha,Dara,Sasha@gmail.com,password866,"744 Duke Way, Durham NC 27705 ",744,Y
745,Selena,Dax,Selena@gmail.com,password867,"745 Duke Way, Durham NC 27705 ",745,Y
746,Shanaya,Denver,Shanaya@gmail.com,password868,"746 Duke Way, Durham NC 27705 ",746,N
747,Shelby,Devon,Shelby@gmail.com,password869,"747 Duke Way, Durham NC 27705 ",747,N
748,Shiloh,Dhruv,Shiloh@gmail.com,password870,"748 Duke Way, Durham NC 27705 ",748,N
749,Sidrah,Diego,Sidrah@gmail.com,password871,"749 Duke Way, Durham NC 27705 ",749,Y
750,Stevie,Dilan,Stevie@gmail.com,password872,"750 Duke Way, Durham NC 27705 ",750,Y
751,Sunday,Elis,Sunday@gmail.com,password873,"751 Duke Way, Durham NC 27705 ",751,N
752,Sylvia,Emilio,Sylvia@gmail.com,password874,"752 Duke Way, Durham NC 27705 ",752,N
753,Teresa,Emin,Teresa@gmail.com,password875,"753 Duke Way, Durham NC 27705 ",753,N
754,Tess,Ernie,Tess@gmail.com,password876,"754 Duke Way, Durham NC 27705 ",754,Y
755,Tessa,Finnley,Tessa@gmail.com,password877,"755 Duke Way, Durham NC 27705 ",755,Y
756,Theia,Franky,Theia@gmail.com,password878,"756 Duke Way, Durham NC 27705 ",756,N
757,Theodora,Frazer,Theodora@gmail.com,password879,"757 Duke Way, Durham NC 27705 ",757,Y
758,Tiana,Fred,Tiana@gmail.com,password880,"758 Duke Way, Durham NC 27705 ",758,N
759,Tillie,Gene,Tillie@gmail.com,password881,"759 Duke Way, Durham NC 27705 ",759,N
760,Umaima,Gethin,Umaima@gmail.com,password882,"760 Duke Way, Durham NC 27705 ",760,N
761,Vera,Gino,Vera@gmail.com,password883,"761 Duke Way, Durham NC 27705 ",761,Y
762,Willa,Graham,Willa@gmail.com,password884,"762 Duke Way, Durham NC 27705 ",762,Y
763,Willow-Rose,Greig,Willow-Rose@gmail.com,password885,"763 Duke Way, Durham NC 27705 ",763,N
764,Zelda,Guy,Zelda@gmail.com,password886,"764 Duke Way, Durham NC 27705 ",764,N
765,Aaima,Hamzah,Aaima@gmail.com,password887,"765 Duke Way, Durham NC 27705 ",765,N
766,Aaria,Hasnain,Aaria@gmail.com,password888,"766 Duke Way, Durham NC 27705 ",766,Y
767,Adaline,Hendrik,Adaline@gmail.com,password889,"767 Duke Way, Durham NC 27705 ",767,Y
768,Addyson,Himmat,Addyson@gmail.com,password890,"768 Duke Way, Durham NC 27705 ",768,N
769,Adelaide,Innis,Adelaide@gmail.com,password891,"769 Duke Way, Durham NC 27705 ",769,N
770,Adele,Ioannis,Adele@gmail.com,password892,"770 Duke Way, Durham NC 27705 ",770,N
771,Afiyah,Iustin,Afiyah@gmail.com,password893,"771 Duke Way, Durham NC 27705 ",771,Y
772,Ailah,Izaac,Ailah@gmail.com,password894,"772 Duke Way, Durham NC 27705 ",772,Y
773,Aine,Jak,Aine@gmail.com,password895,"773 Duke Way, Durham NC 27705 ",773,N
774,Alaa,Jaxen,Alaa@gmail.com,password896,"774 Duke Way, Durham NC 27705 ",774,N
775,Alannah,Jayson,Alannah@gmail.com,password897,"775 Duke Way, Durham NC 27705 ",775,N
776,Alara,Jed,Alara@gmail.com,password898,"776 Duke Way, Durham NC 27705 ",776,Y
777,Aleeha,Jimmy,Aleeha@gmail.com,password899,"777 Duke Way, Durham NC 27705 ",777,Y
778,Aleena,John-James,Aleena@gmail.com,password900,"778 Duke Way, Durham NC 27705 ",778,N
779,Aleigha,Kabir,Aleigha@gmail.com,password901,"779 Duke Way, Durham NC 27705 ",779,N
780,Alessia,Kadyn,Alessia@gmail.com,password902,"780 Duke Way, Durham NC 27705 ",780,N
781,Alishba,Kaidyn,Alishba@gmail.com,password903,"781 Duke Way, Durham NC 27705 ",781,Y
782,Alison,Kaii,Alison@gmail.com,password904,"782 Duke Way, Durham NC 27705 ",782,Y
783,Ally,Kairo,Ally@gmail.com,password905,"783 Duke Way, Durham NC 27705 ",783,N
784,Alora,Kajus,Alora@gmail.com,password906,"784 Duke Way, Durham NC 27705 ",784,Y
785,Alya,Kallum,Alya@gmail.com,password907,"785 Duke Way, Durham NC 27705 ",785,N
786,Alyssia,Kalvyn,Alyssia@gmail.com,password908,"786 Duke Way, Durham NC 27705 ",786,N
787,Alyth,Kamil,Alyth@gmail.com,password909,"787 Duke Way, Durham NC 27705 ",787,N
788,Amalia,Karol,Amalia@gmail.com,password910,"788 Duke Way, Durham NC 27705 ",788,Y
789,Amanda,Kaylen,Amanda@gmail.com,password911,"789 Duke Way, Durham NC 27705 ",789,Y
790,Amarah,Keelan,Amarah@gmail.com,password912,"790 Duke Way, Durham NC 27705 ",790,N
791,Ameerah,Keiran,Ameerah@gmail.com,password913,"791 Duke Way, Durham NC 27705 ",791,N
792,Amiyah,Keith,Amiyah@gmail.com,password914,"792 Duke Way, Durham NC 27705 ",792,N
793,Anabia,Kenneth,Anabia@gmail.com,password915,"793 Duke Way, Durham NC 27705 ",793,Y
794,Anayah,Klay,Anayah@gmail.com,password916,"794 Duke Way, Durham NC 27705 ",794,Y
795,Angela,Koah,Angela@gmail.com,password917,"795 Duke Way, Durham NC 27705 ",795,N
796,Arfa,Kohen,Arfa@gmail.com,password918,"796 Duke Way, Durham NC 27705 ",796,N
797,Arielle,Kornel,Arielle@gmail.com,password919,"797 Duke Way, Durham NC 27705 ",797,N
798,Avah,Kye,Avah@gmail.com,password920,"798 Duke Way, Durham NC 27705 ",798,Y
799,Aviana,Kylan,Aviana@gmail.com,password921,"799 Duke Way, Durham NC 27705 ",799,Y
800,Avni,Kyson,Avni@gmail.com,password922,"800 Duke Way, Durham NC 27705 ",800,N
801,Ayaat,Lars,Ayaat@gmail.com,password923,"801 Duke Way, Durham NC 27705 ",801,N
802,Aydah,Leif,Aydah@gmail.com,password924,"802 Duke Way, Durham NC 27705 ",802,N
803,Aylah,Lloyd,Aylah@gmail.com,password925,"803 Duke Way, Durham NC 27705 ",803,Y
804,Baillie,Lochie,Baillie@gmail.com,password926,"804 Duke Way, Durham NC 27705 ",804,Y
805,Bella-Rose,Lochlann,Bella-Rose@gmail.com,password927,"805 Duke Way, Durham NC 27705 ",805,N
806,Bethan,Lochlyn,Bethan@gmail.com,password928,"806 Duke Way, Durham NC 27705 ",806,N
807,Betsy,Lucca,Betsy@gmail.com,password929,"807 Duke Way, Durham NC 27705 ",807,N
808,Blayre,Macaulay,Blayre@gmail.com,password930,"808 Duke Way, Durham NC 27705 ",808,Y
809,Brie,Mackie,Brie@gmail.com,password931,"809 Duke Way, Durham NC 27705 ",809,Y
810,Bryony,Malik,Bryony@gmail.com,password932,"810 Duke Way, Durham NC 27705 ",810,N
811,Camila,Manuel,Camila@gmail.com,password933,"811 Duke Way, Durham NC 27705 ",811,Y
812,Camille,Mario,Camille@gmail.com,password934,"812 Duke Way, Durham NC 27705 ",812,N
813,Carolina,Marlow,Carolina@gmail.com,password935,"813 Duke Way, Durham NC 27705 ",813,N
814,Caroline,Matas,Caroline@gmail.com,password936,"814 Duke Way, Durham NC 27705 ",814,N
815,Cassandra,Matias,Cassandra@gmail.com,password937,"815 Duke Way, Durham NC 27705 ",815,Y
816,Cecelia,Maverick,Cecelia@gmail.com,password938,"816 Duke Way, Durham NC 27705 ",816,Y
817,Chantelle,Maxim,Chantelle@gmail.com,password939,"817 Duke Way, Durham NC 27705 ",817,N
818,Cianna,Micheal,Cianna@gmail.com,password940,"818 Duke Way, Durham NC 27705 ",818,N
819,Cienna,Milan,Cienna@gmail.com,password941,"819 Duke Way, Durham NC 27705 ",819,N
820,Clover,Mohamad,Clover@gmail.com,password942,"820 Duke Way, Durham NC 27705 ",820,Y
821,Coco,Neil,Coco@gmail.com,password943,"821 Duke Way, Durham NC 27705 ",821,Y
822,Corra,Nicky,Corra@gmail.com,password944,"822 Duke Way, Durham NC 27705 ",822,N
823,Courtney,Noa,Courtney@gmail.com,password945,"823 Duke Way, Durham NC 27705 ",823,N
824,Crystal,Omer,Crystal@gmail.com,password946,"824 Duke Way, Durham NC 27705 ",824,N
825,Dahlia,Orin,Dahlia@gmail.com,password947,"825 Duke Way, Durham NC 27705 ",825,Y
826,Daniela,Orlando,Daniela@gmail.com,password948,"826 Duke Way, Durham NC 27705 ",826,Y
827,Danielle,Osten,Danielle@gmail.com,password949,"827 Duke Way, Durham NC 27705 ",827,N
828,Dara,Ovie,Dara@gmail.com,password950,"828 Duke Way, Durham NC 27705 ",828,N
829,Demi-Leigh,Paolo,Demi-Leigh@gmail.com,password951,"829 Duke Way, Durham NC 27705 ",829,N
830,Devon,Pierce,Devon@gmail.com,password952,"830 Duke Way, Durham NC 27705 ",830,Y
831,Dixie,Piotr,Dixie@gmail.com,password953,"831 Duke Way, Durham NC 27705 ",831,Y
832,Drew,Prince,Drew@gmail.com,password954,"832 Duke Way, Durham NC 27705 ",832,N
833,Eevie,Quinten,Eevie@gmail.com,password955,"833 Duke Way, Durham NC 27705 ",833,N
834,Eimear,Raife,Eimear@gmail.com,password956,"834 Duke Way, Durham NC 27705 ",834,N
835,Eirinn,Ralphy,Eirinn@gmail.com,password957,"835 Duke Way, Durham NC 27705 ",835,Y
836,Ela,Rami,Ela@gmail.com,password958,"836 Duke Way, Durham NC 27705 ",836,Y
837,Elia,Rayaan,Elia@gmail.com,password959,"837 Duke Way, Durham NC 27705 ",837,N
838,Elina,Reagan,Elina@gmail.com,password960,"838 Duke Way, Durham NC 27705 ",838,Y
839,Elisha,Reid,Elisha@gmail.com,password961,"839 Duke Way, Durham NC 27705 ",839,N
840,Elsie-May,Reign,Elsie-May@gmail.com,password962,"840 Duke Way, Durham NC 27705 ",840,N
841,Emerald,Reilly,Emerald@gmail.com,password963,"841 Duke Way, Durham NC 27705 ",841,N
842,Emerson,Reiss,Emerson@gmail.com,password964,"842 Duke Way, Durham NC 27705 ",842,Y
843,Emi,Rhudi,Emi@gmail.com,password965,"843 Duke Way, Durham NC 27705 ",843,Y
844,Emilee,Rian,Emilee@gmail.com,password966,"844 Duke Way, Durham NC 27705 ",844,N
845,Emily-Rose,Richie,Emily-Rose@gmail.com,password967,"845 Duke Way, Durham NC 27705 ",845,N
846,Enid,Ricky,Enid@gmail.com,password968,"846 Duke Way, Durham NC 27705 ",846,N
847,Enya,Roberts,Enya@gmail.com,password969,"847 Duke Way, Durham NC 27705 ",847,Y
848,Eris,Roland,Eris@gmail.com,password970,"848 Duke Way, Durham NC 27705 ",848,Y
849,Eshaal,Rowen,Eshaal@gmail.com,password971,"849 Duke Way, Durham NC 27705 ",849,N
850,Evangeline,Roy,Evangeline@gmail.com,password972,"850 Duke Way, Durham NC 27705 ",850,N
851,Everleigh,Ruan,Everleigh@gmail.com,password973,"851 Duke Way, Durham NC 27705 ",851,N
852,Everley,Rufus,Everley@gmail.com,password974,"852 Duke Way, Durham NC 27705 ",852,Y
853,Evie-Mae,Rui,Evie-Mae@gmail.com,password975,"853 Duke Way, Durham NC 27705 ",853,Y
854,Ezmae,Saif,Ezmae@gmail.com,password976,"854 Duke Way, Durham NC 27705 ",854,N
855,Ffion,Sammy,Ffion@gmail.com,password977,"855 Duke Way, Durham NC 27705 ",855,N
856,Fiona,Shayan,Fiona@gmail.com,password978,"856 Duke Way, Durham NC 27705 ",856,N
857,Freja,Sidney,Freja@gmail.com,password979,"857 Duke Way, Durham NC 27705 ",857,Y
858,Georgi,Sigurd,Georgi@gmail.com,password980,"858 Duke Way, Durham NC 27705 ",858,Y
859,Gracey,Stan,Gracey@gmail.com,password981,"859 Duke Way, Durham NC 27705 ",859,N
860,Greer,Teo,Greer@gmail.com,password982,"860 Duke Way, Durham NC 27705 ",860,N
861,Halima,Theodor,Halima@gmail.com,password983,"861 Duke Way, Durham NC 27705 ",861,N
862,Halle-Rose,Thorfinn,Halle-Rose@gmail.com,password984,"862 Duke Way, Durham NC 27705 ",862,Y
863,Halley,Toran,Halley@gmail.com,password985,"863 Duke Way, Durham NC 27705 ",863,Y
864,Halli,Tyler-James,Halli@gmail.com,password986,"864 Duke Way, Durham NC 27705 ",864,N
865,Hanan,Tyrone,Hanan@gmail.com,password987,"865 Duke Way, Durham NC 27705 ",865,Y
866,Harriett,Vincenzo,Harriett@gmail.com,password988,"866 Duke Way, Durham NC 27705 ",866,N
867,Havana,Weston,Havana@gmail.com,password989,"867 Duke Way, Durham NC 27705 ",867,N
868,Hiba,Wilbur,Hiba@gmail.com,password990,"868 Duke Way, Durham NC 27705 ",868,N
869,Honor,Woody,Honor@gmail.com,password991,"869 Duke Way, Durham NC 27705 ",869,Y
870,Hoorain,Yahia,Hoorain@gmail.com,password992,"870 Duke Way, Durham NC 27705 ",870,Y
871,Hunter,Youssef,Hunter@gmail.com,password993,"871 Duke Way, Durham NC 27705 ",871,N
872,Ishbel,Yousuf,Ishbel@gmail.com,password994,"872 Duke Way, Durham NC 27705 ",872,N
873,Isla-Grace,Zalan,Isla-Grace@gmail.com,password995,"873 Duke Way, Durham NC 27705 ",873,N
874,Ivy-Mae,Zayaan,Ivy-Mae@gmail.com,password996,"874 Duke Way, Durham NC 27705 ",874,Y
875,Iyla,Zayne,Iyla@gmail.com,password997,"875 Duke Way, Durham NC 27705 ",875,Y
876,Jaimee,Zion,Jaimee@gmail.com,password998,"876 Duke Way, Durham NC 27705 ",876,N
877,Janice,A,Janice@gmail.com,password999,"877 Duke Way, Durham NC 27705 ",877,N
878,Jasmin,A-Jay,Jasmin@gmail.com,password1000,"878 Duke Way, Durham NC 27705 ",878,N
879,Jemima,Aaryan,Jemima@gmail.com,password1001,"879 Duke Way, Durham NC 27705 ",879,Y
880,Jodie,Aaryn,Jodie@gmail.com,password1002,"880 Duke Way, Durham NC 27705 ",880,Y
881,Judy,Aayan,Judy@gmail.com,password1003,"881 Duke Way, Durham NC 27705 ",881,N
882,Juliette,Abdulaziz,Juliette@gmail.com,password1004,"882 Duke Way, Durham NC 27705 ",882,N
883,Kacie-Leigh,Abdulrahman,Kacie-Leigh@gmail.com,password1005,"883 Duke Way, Durham NC 27705 ",883,N
884,Kaia,Abdurrahman,Kaia@gmail.com,password1006,"884 Duke Way, Durham NC 27705 ",884,Y
885,Kaiya,Abu,Kaiya@gmail.com,password1007,"885 Duke Way, Durham NC 27705 ",885,Y
886,Karina,Adeel,Karina@gmail.com,password1008,"886 Duke Way, Durham NC 27705 ",886,N
887,Karla,Aden,Karla@gmail.com,password1009,"887 Duke Way, Durham NC 27705 ",887,N
888,Karmen,Adie,Karmen@gmail.com,password1010,"888 Duke Way, Durham NC 27705 ",888,N
889,Kassidy,Aditya,Kassidy@gmail.com,password1011,"889 Duke Way, Durham NC 27705 ",889,Y
890,Kaylee,Adlai,Kaylee@gmail.com,password1012,"890 Duke Way, Durham NC 27705 ",890,Y
891,Kelsie,Adley,Kelsie@gmail.com,password1013,"891 Duke Way, Durham NC 27705 ",891,N
892,Kerys,Adriel,Kerys@gmail.com,password1014,"892 Duke Way, Durham NC 27705 ",892,Y
893,Khadijah,Advay,Khadijah@gmail.com,password1015,"893 Duke Way, Durham NC 27705 ",893,N
894,Klaudia,Ahyaan,Klaudia@gmail.com,password1016,"894 Duke Way, Durham NC 27705 ",894,N
895,Lainey,Aian,Lainey@gmail.com,password1017,"895 Duke Way, Durham NC 27705 ",895,N
896,Laurel,Aidyn,Laurel@gmail.com,password1018,"896 Duke Way, Durham NC 27705 ",896,Y
897,Layan,Ajit,Layan@gmail.com,password1019,"897 Duke Way, Durham NC 27705 ",897,Y
898,Laylah,Alisdair,Laylah@gmail.com,password1020,"898 Duke Way, Durham NC 27705 ",898,N
899,Leigh,Aliyaan,Leigh@gmail.com,password1021,"899 Duke Way, Durham NC 27705 ",899,N
900,Lennox,Alyaan,Lennox@gmail.com,password1022,"900 Duke Way, Durham NC 27705 ",900,N
901,Leoni,Amjad,Leoni@gmail.com,password1023,"901 Duke Way, Durham NC 27705 ",901,Y
902,Leonie,Andreas,Leonie@gmail.com,password1024,"902 Duke Way, Durham NC 27705 ",902,Y
903,Liana,Andrej,Liana@gmail.com,password1025,"903 Duke Way, Durham NC 27705 ",903,N
904,Liberty,Andres,Liberty@gmail.com,password1026,"904 Duke Way, Durham NC 27705 ",904,N
905,Lidia,Antony,Lidia@gmail.com,password1027,"905 Duke Way, Durham NC 27705 ",905,N
906,Lilli,Aran,Lilli@gmail.com,password1028,"906 Duke Way, Durham NC 27705 ",906,Y
907,Lilliana,Argyle,Lilliana@gmail.com,password1029,"907 Duke Way, Durham NC 27705 ",907,Y
908,Lillie-Rose,Arian,Lillie-Rose@gmail.com,password1030,"908 Duke Way, Durham NC 27705 ",908,N
909,Liusaidh,Arin,Liusaidh@gmail.com,password1031,"909 Duke Way, Durham NC 27705 ",909,N
910,Liza,Aris,Liza@gmail.com,password1032,"910 Duke Way, Durham NC 27705 ",910,N
911,Lorelai,Arish,Lorelai@gmail.com,password1033,"911 Duke Way, Durham NC 27705 ",911,Y
912,Maha,Arlen,Maha@gmail.com,password1034,"912 Duke Way, Durham NC 27705 ",912,Y
913,Mahnoor,Arlie,Mahnoor@gmail.com,password1035,"913 Duke Way, Durham NC 27705 ",913,N
914,Mairead,Armand,Mairead@gmail.com,password1036,"914 Duke Way, Durham NC 27705 ",914,N
915,Malgorzata,Aros,Malgorzata@gmail.com,password1037,"915 Duke Way, Durham NC 27705 ",915,N
916,Malia,Arsalan,Malia@gmail.com,password1038,"916 Duke Way, Durham NC 27705 ",916,Y
917,Malin,Artin,Malin@gmail.com,password1039,"917 Duke Way, Durham NC 27705 ",917,Y
918,Marci,Aston,Marci@gmail.com,password1040,"918 Duke Way, Durham NC 27705 ",918,N
919,Marianna,Atholl,Marianna@gmail.com,password1041,"919 Duke Way, Durham NC 27705 ",919,Y
920,Marina,Atlas,Marina@gmail.com,password1042,"920 Duke Way, Durham NC 27705 ",920,N
921,Marissa,Aubrey,Marissa@gmail.com,password1043,"921 Duke Way, Durham NC 27705 ",921,N
922,Mariya,Auley,Mariya@gmail.com,password1044,"922 Duke Way, Durham NC 27705 ",922,N
923,Marleigh,Azeem,Marleigh@gmail.com,password1045,"923 Duke Way, Durham NC 27705 ",923,Y
924,Marsali,Azlan,Marsali@gmail.com,password1046,"924 Duke Way, Durham NC 27705 ",924,Y
925,Matylda,Baker,Matylda@gmail.com,password1047,"925 Duke Way, Durham NC 27705 ",925,N
926,Mayah,Balfour,Mayah@gmail.com,password1048,"926 Duke Way, Durham NC 27705 ",926,N
927,Miah,Baran,Miah@gmail.com,password1049,"927 Duke Way, Durham NC 27705 ",927,N
928,Michelle,Barnaby,Michelle@gmail.com,password1050,"928 Duke Way, Durham NC 27705 ",928,Y
929,Millie-Rose,Barry,Millie-Rose@gmail.com,password1051,"929 Duke Way, Durham NC 27705 ",929,Y
930,Minha,Basil,Minha@gmail.com,password1052,"930 Duke Way, Durham NC 27705 ",930,N
931,Mirha,Beaux,Mirha@gmail.com,password1053,"931 Duke Way, Durham NC 27705 ",931,N
932,Morag,Benji,Morag@gmail.com,password1054,"932 Duke Way, Durham NC 27705 ",932,N
933,Murryn,Bennett,Murryn@gmail.com,password1055,"933 Duke Way, Durham NC 27705 ",933,Y
934,Myley,Benni,Myley@gmail.com,password1056,"934 Duke Way, Durham NC 27705 ",934,Y
935,Nala,Benny,Nala@gmail.com,password1057,"935 Duke Way, Durham NC 27705 ",935,N
936,Nara,Bilal,Nara@gmail.com,password1058,"936 Duke Way, Durham NC 27705 ",936,N
937,Neive,Blaise,Neive@gmail.com,password1059,"937 Duke Way, Durham NC 27705 ",937,N
938,Nel,Blakely,Nel@gmail.com,password1060,"938 Duke Way, Durham NC 27705 ",938,Y
939,Neva,Blane,Neva@gmail.com,password1061,"939 Duke Way, Durham NC 27705 ",939,Y
940,Nicola,Blayke,Nicola@gmail.com,password1062,"940 Duke Way, Durham NC 27705 ",940,N
941,Nimrah,Boyan,Nimrah@gmail.com,password1063,"941 Duke Way, Durham NC 27705 ",941,N
942,Oakley,Braiden,Oakley@gmail.com,password1064,"942 Duke Way, Durham NC 27705 ",942,N
943,Olivia-Grace,Bram,Olivia-Grace@gmail.com,password1065,"943 Duke Way, Durham NC 27705 ",943,Y
944,Ophelia,Brax,Ophelia@gmail.com,password1066,"944 Duke Way, Durham NC 27705 ",944,Y
945,Perri,Bray,Perri@gmail.com,password1067,"945 Duke Way, Durham NC 27705 ",945,N
946,Poppie,Braydon,Poppie@gmail.com,password1068,"946 Duke Way, Durham NC 27705 ",946,Y
947,Precious,Briar,Precious@gmail.com,password1069,"947 Duke Way, Durham NC 27705 ",947,N
948,Priya,Brodi,Priya@gmail.com,password1070,"948 Duke Way, Durham NC 27705 ",948,N
949,Rahaf,Brogan,Rahaf@gmail.com,password1071,"949 Duke Way, Durham NC 27705 ",949,N
950,Rahela,Bryden,Rahela@gmail.com,password1072,"950 Duke Way, Durham NC 27705 ",950,Y
951,Reagan,Bryson,Reagan@gmail.com,password1073,"951 Duke Way, Durham NC 27705 ",951,Y
952,Reevah,Buzz,Reevah@gmail.com,password1074,"952 Duke Way, Durham NC 27705 ",952,N
953,Reign,Byron,Reign@gmail.com,password1075,"953 Duke Way, Durham NC 27705 ",953,N
954,Rheia,C-Jay,Rheia@gmail.com,password1076,"954 Duke Way, Durham NC 27705 ",954,N
955,Ria,Caeleb,Ria@gmail.com,password1077,"955 Duke Way, Durham NC 27705 ",955,Y
956,Rita,Cailan,Rita@gmail.com,password1078,"956 Duke Way, Durham NC 27705 ",956,Y
957,Riya,Caillan,Riya@gmail.com,password1079,"957 Duke Way, Durham NC 27705 ",957,N
958,Robynn,Cain,Robynn@gmail.com,password1080,"958 Duke Way, Durham NC 27705 ",958,N
959,Roma,Caio,Roma@gmail.com,password1081,"959 Duke Way, Durham NC 27705 ",959,N
960,Romie,Calan,Romie@gmail.com,password1082,"960 Duke Way, Durham NC 27705 ",960,Y
961,Ronnie,Cammy,Ronnie@gmail.com,password1083,"961 Duke Way, Durham NC 27705 ",961,Y
962,Rory,Caoimhin,Rory@gmail.com,password1084,"962 Duke Way, Durham NC 27705 ",962,N
963,Safaa,Casen,Safaa@gmail.com,password1085,"963 Duke Way, Durham NC 27705 ",963,N
964,Saffron,Caspian,Saffron@gmail.com,password1086,"964 Duke Way, Durham NC 27705 ",964,N
965,Sama,Cassidy,Sama@gmail.com,password1087,"965 Duke Way, Durham NC 27705 ",965,Y
966,Samara,Chace,Samara@gmail.com,password1088,"966 Duke Way, Durham NC 27705 ",966,Y
967,Sana,Charley,Sana@gmail.com,password1089,"967 Duke Way, Durham NC 27705 ",967,N
968,Saskia,Charlie-James,Saskia@gmail.com,password1090,"968 Duke Way, Durham NC 27705 ",968,N
969,Savanna,Chris,Savanna@gmail.com,password1091,"969 Duke Way, Durham NC 27705 ",969,N
970,Scarlett-Rose,Christy,Scarlett-Rose@gmail.com,password1092,"970 Duke Way, Durham NC 27705 ",970,Y
971,Sefora,Clarke,Sefora@gmail.com,password1093,"971 Duke Way, Durham NC 27705 ",971,Y
972,Selene,Clay,Selene@gmail.com,password1094,"972 Duke Way, Durham NC 27705 ",972,N
973,Serena,Coben,Serena@gmail.com,password1095,"973 Duke Way, Durham NC 27705 ",973,Y
974,Shannon,Cobey,Shannon@gmail.com,password1096,"974 Duke Way, Durham NC 27705 ",974,N
975,Storm,Cohan,Storm@gmail.com,password1097,"975 Duke Way, Durham NC 27705 ",975,N
976,Tali,Cole-James,Tali@gmail.com,password1098,"976 Duke Way, Durham NC 27705 ",976,N
977,Taliah,Colm,Taliah@gmail.com,password1099,"977 Duke Way, Durham NC 27705 ",977,Y
978,Tallulah,Corin,Tallulah@gmail.com,password1100,"978 Duke Way, Durham NC 27705 ",978,Y
979,Teddi,Crawford,Teddi@gmail.com,password1101,"979 Duke Way, Durham NC 27705 ",979,N
980,Tegan,Cyrus,Tegan@gmail.com,password1102,"980 Duke Way, Durham NC 27705 ",980,N
981,Tianna,Daire,Tianna@gmail.com,password1103,"981 Duke Way, Durham NC 27705 ",981,N
982,Tiffany,Dallas,Tiffany@gmail.com,password1104,"982 Duke Way, Durham NC 27705 ",982,Y
983,Toni,Darach,Toni@gmail.com,password1105,"983 Duke Way, Durham NC 27705 ",983,Y
984,Weronika,Darryl,Weronika@gmail.com,password1106,"984 Duke Way, Durham NC 27705 ",984,N
985,Yana,Darwin,Yana@gmail.com,password1107,"985 Duke Way, Durham NC 27705 ",985,N
986,Yara,Dashiell,Yara@gmail.com,password1108,"986 Duke Way, Durham NC 27705 ",986,N
987,Zara-Leigh,David-James,Zara-Leigh@gmail.com,password1109,"987 Duke Way, Durham NC 27705 ",987,Y
988,Zoha,Davis,Zoha@gmail.com,password1110,"988 Duke Way, Durham NC 27705 ",988,Y
989,Zunaira,Daxton,Zunaira@gmail.com,password1111,"989 Duke Way, Durham NC 27705 ",989,N
990,Aaidah,Dayle,Aaidah@gmail.com,password1112,"990 Duke Way, Durham NC 27705 ",990,N
991,Aaila,Deen,Aaila@gmail.com,password1113,"991 Duke Way, Durham NC 27705 ",991,N
992,Aairah,Deniz,Aairah@gmail.com,password1114,"992 Duke Way, Durham NC 27705 ",992,Y
993,Aaminah,Denny,Aaminah@gmail.com,password1115,"993 Duke Way, Durham NC 27705 ",993,Y
994,Aarvi,Derek,Aarvi@gmail.com,password1116,"994 Duke Way, Durham NC 27705 ",994,N
995,Abbi,Derry,Abbi@gmail.com,password1117,"995 Duke Way, Durham NC 27705 ",995,N
996,Abrianna,Devansh,Abrianna@gmail.com,password1118,"996 Duke Way, Durham NC 27705 ",996,N
997,Adaira,Devin,Adaira@gmail.com,password1119,"997 Duke Way, Durham NC 27705 ",997,Y
998,Adeena,Devyn,Adeena@gmail.com,password1120,"998 Duke Way, Durham NC 27705 ",998,Y
999,Aditi,Dillan,Aditi@gmail.com,password1121,"999 Duke Way, Durham NC 27705 ",999,N
1000,Adley,Domantas,Adley@gmail.com,password1122,"1000 Duke Way, Durham NC 27705 ",1000,Y